sample_id,document_id,unit_id,arm,metric_name,metric_value,notes
sach-bai-tap-toan-12-tap-2-canh-dieu_raw_s1_passthrough,sach-bai-tap-toan-12-tap-2-canh-dieu,document_level,raw_s1_passthrough,precision,1.0,n_blocks=1949
sach-bai-tap-toan-12-tap-2-canh-dieu_raw_s1_passthrough,sach-bai-tap-toan-12-tap-2-canh-dieu,document_level,raw_s1_passthrough,recall,0.0,n_blocks=1949
sach-bai-tap-toan-12-tap-2-canh-dieu_raw_s1_passthrough,sach-bai-tap-toan-12-tap-2-canh-dieu,document_level,raw_s1_passthrough,f1,0.0,n_blocks=1949
sach-bai-tap-toan-12-tap-2-canh-dieu_raw_s1_passthrough,sach-bai-tap-toan-12-tap-2-canh-dieu,document_level,raw_s1_passthrough,math_preservation,1.0,n_blocks=1949
sach-bai-tap-toan-12-tap-2-canh-dieu_raw_s1_passthrough,sach-bai-tap-toan-12-tap-2-canh-dieu,document_level,raw_s1_passthrough,answer_attachment,1.0,n_blocks=1949
sach-bai-tap-toan-12-tap-2-canh-dieu_raw_s1_passthrough,sach-bai-tap-toan-12-tap-2-canh-dieu,document_level,raw_s1_passthrough,solution_attachment,1.0,n_blocks=1949
sach-bai-tap-toan-12-tap-2-canh-dieu_raw_s1_passthrough,sach-bai-tap-toan-12-tap-2-canh-dieu,document_level,raw_s1_passthrough,idempotence,1.0,n_blocks=1949
sach-bai-tap-toan-12-tap-2-canh-dieu_raw_s1_passthrough,sach-bai-tap-toan-12-tap-2-canh-dieu,document_level,raw_s1_passthrough,runtime,5.999972927384079e-07,n_blocks=1949
sach-bai-tap-toan-12-tap-2-canh-dieu_raw_s1_passthrough,sach-bai-tap-toan-12-tap-2-canh-dieu,document_level,raw_s1_passthrough,n_chunks,1.0,n_blocks=1949
sach-bai-tap-toan-12-tap-2-canh-dieu_normalization_only,sach-bai-tap-toan-12-tap-2-canh-dieu,document_level,normalization_only,precision,1.0,n_blocks=1949
sach-bai-tap-toan-12-tap-2-canh-dieu_normalization_only,sach-bai-tap-toan-12-tap-2-canh-dieu,document_level,normalization_only,recall,0.0,n_blocks=1949
sach-bai-tap-toan-12-tap-2-canh-dieu_normalization_only,sach-bai-tap-toan-12-tap-2-canh-dieu,document_level,normalization_only,f1,0.0,n_blocks=1949
sach-bai-tap-toan-12-tap-2-canh-dieu_normalization_only,sach-bai-tap-toan-12-tap-2-canh-dieu,document_level,normalization_only,math_preservation,0.0006282985674792662,n_blocks=1949
sach-bai-tap-toan-12-tap-2-canh-dieu_normalization_only,sach-bai-tap-toan-12-tap-2-canh-dieu,document_level,normalization_only,answer_attachment,1.0,n_blocks=1949
sach-bai-tap-toan-12-tap-2-canh-dieu_normalization_only,sach-bai-tap-toan-12-tap-2-canh-dieu,document_level,normalization_only,solution_attachment,1.0,n_blocks=1949
sach-bai-tap-toan-12-tap-2-canh-dieu_normalization_only,sach-bai-tap-toan-12-tap-2-canh-dieu,document_level,normalization_only,idempotence,1.0,n_blocks=1949
sach-bai-tap-toan-12-tap-2-canh-dieu_normalization_only,sach-bai-tap-toan-12-tap-2-canh-dieu,document_level,normalization_only,runtime,0.07958070000313455,n_blocks=1949
sach-bai-tap-toan-12-tap-2-canh-dieu_normalization_only,sach-bai-tap-toan-12-tap-2-canh-dieu,document_level,normalization_only,n_chunks,1.0,n_blocks=1949
sach-bai-tap-toan-12-tap-2-canh-dieu_chunking_only,sach-bai-tap-toan-12-tap-2-canh-dieu,document_level,chunking_only,precision,0.28478731074260993,n_blocks=1949
sach-bai-tap-toan-12-tap-2-canh-dieu_chunking_only,sach-bai-tap-toan-12-tap-2-canh-dieu,document_level,chunking_only,recall,0.9564164648910412,n_blocks=1949
sach-bai-tap-toan-12-tap-2-canh-dieu_chunking_only,sach-bai-tap-toan-12-tap-2-canh-dieu,document_level,chunking_only,f1,0.43888888888888883,n_blocks=1949
sach-bai-tap-toan-12-tap-2-canh-dieu_chunking_only,sach-bai-tap-toan-12-tap-2-canh-dieu,document_level,chunking_only,math_preservation,1.0,n_blocks=1949
sach-bai-tap-toan-12-tap-2-canh-dieu_chunking_only,sach-bai-tap-toan-12-tap-2-canh-dieu,document_level,chunking_only,answer_attachment,0.0,n_blocks=1949
sach-bai-tap-toan-12-tap-2-canh-dieu_chunking_only,sach-bai-tap-toan-12-tap-2-canh-dieu,document_level,chunking_only,solution_attachment,0.0,n_blocks=1949
sach-bai-tap-toan-12-tap-2-canh-dieu_chunking_only,sach-bai-tap-toan-12-tap-2-canh-dieu,document_level,chunking_only,idempotence,1.0,n_blocks=1949
sach-bai-tap-toan-12-tap-2-canh-dieu_chunking_only,sach-bai-tap-toan-12-tap-2-canh-dieu,document_level,chunking_only,runtime,125.77952530000039,n_blocks=1949
sach-bai-tap-toan-12-tap-2-canh-dieu_chunking_only,sach-bai-tap-toan-12-tap-2-canh-dieu,document_level,chunking_only,n_chunks,1388.0,n_blocks=1949
sach-bai-tap-toan-12-tap-2-canh-dieu_full_s2,sach-bai-tap-toan-12-tap-2-canh-dieu,document_level,full_s2,precision,0.24324324324324326,n_blocks=1949
sach-bai-tap-toan-12-tap-2-canh-dieu_full_s2,sach-bai-tap-toan-12-tap-2-canh-dieu,document_level,full_s2,recall,0.937046004842615,n_blocks=1949
sach-bai-tap-toan-12-tap-2-canh-dieu_full_s2,sach-bai-tap-toan-12-tap-2-canh-dieu,document_level,full_s2,f1,0.3862275449101797,n_blocks=1949
sach-bai-tap-toan-12-tap-2-canh-dieu_full_s2,sach-bai-tap-toan-12-tap-2-canh-dieu,document_level,full_s2,math_preservation,1.0,n_blocks=1949
sach-bai-tap-toan-12-tap-2-canh-dieu_full_s2,sach-bai-tap-toan-12-tap-2-canh-dieu,document_level,full_s2,answer_attachment,0.0,n_blocks=1949
sach-bai-tap-toan-12-tap-2-canh-dieu_full_s2,sach-bai-tap-toan-12-tap-2-canh-dieu,document_level,full_s2,solution_attachment,0.0,n_blocks=1949
sach-bai-tap-toan-12-tap-2-canh-dieu_full_s2,sach-bai-tap-toan-12-tap-2-canh-dieu,document_level,full_s2,idempotence,1.0,n_blocks=1949
sach-bai-tap-toan-12-tap-2-canh-dieu_full_s2,sach-bai-tap-toan-12-tap-2-canh-dieu,document_level,full_s2,runtime,160.18137939999724,n_blocks=1949
sach-bai-tap-toan-12-tap-2-canh-dieu_full_s2,sach-bai-tap-toan-12-tap-2-canh-dieu,document_level,full_s2,n_chunks,1592.0,n_blocks=1949
sach-bai-tap-toan-12-tap-2-canh-dieu_legacy_or_naive_chunking,sach-bai-tap-toan-12-tap-2-canh-dieu,document_level,legacy_or_naive_chunking,precision,0.2120123203285421,n_blocks=1949
sach-bai-tap-toan-12-tap-2-canh-dieu_legacy_or_naive_chunking,sach-bai-tap-toan-12-tap-2-canh-dieu,document_level,legacy_or_naive_chunking,recall,1.0,n_blocks=1949
sach-bai-tap-toan-12-tap-2-canh-dieu_legacy_or_naive_chunking,sach-bai-tap-toan-12-tap-2-canh-dieu,document_level,legacy_or_naive_chunking,f1,0.34985175772977556,n_blocks=1949
sach-bai-tap-toan-12-tap-2-canh-dieu_legacy_or_naive_chunking,sach-bai-tap-toan-12-tap-2-canh-dieu,document_level,legacy_or_naive_chunking,math_preservation,1.0,n_blocks=1949
sach-bai-tap-toan-12-tap-2-canh-dieu_legacy_or_naive_chunking,sach-bai-tap-toan-12-tap-2-canh-dieu,document_level,legacy_or_naive_chunking,answer_attachment,0.0,n_blocks=1949
sach-bai-tap-toan-12-tap-2-canh-dieu_legacy_or_naive_chunking,sach-bai-tap-toan-12-tap-2-canh-dieu,document_level,legacy_or_naive_chunking,solution_attachment,0.0,n_blocks=1949
sach-bai-tap-toan-12-tap-2-canh-dieu_legacy_or_naive_chunking,sach-bai-tap-toan-12-tap-2-canh-dieu,document_level,legacy_or_naive_chunking,idempotence,1.0,n_blocks=1949
sach-bai-tap-toan-12-tap-2-canh-dieu_legacy_or_naive_chunking,sach-bai-tap-toan-12-tap-2-canh-dieu,document_level,legacy_or_naive_chunking,runtime,0.004965100000845268,n_blocks=1949
sach-bai-tap-toan-12-tap-2-canh-dieu_legacy_or_naive_chunking,sach-bai-tap-toan-12-tap-2-canh-dieu,document_level,legacy_or_naive_chunking,n_chunks,1949.0,n_blocks=1949
sach-bai-tap-toan-12-tap-2-canh-dieu_legacy_or_naive_normalization,sach-bai-tap-toan-12-tap-2-canh-dieu,document_level,legacy_or_naive_normalization,precision,0.2909625275532697,n_blocks=1949
sach-bai-tap-toan-12-tap-2-canh-dieu_legacy_or_naive_normalization,sach-bai-tap-toan-12-tap-2-canh-dieu,document_level,legacy_or_naive_normalization,recall,0.9588377723970944,n_blocks=1949
sach-bai-tap-toan-12-tap-2-canh-dieu_legacy_or_naive_normalization,sach-bai-tap-toan-12-tap-2-canh-dieu,document_level,legacy_or_naive_normalization,f1,0.4464487034949267,n_blocks=1949
sach-bai-tap-toan-12-tap-2-canh-dieu_legacy_or_naive_normalization,sach-bai-tap-toan-12-tap-2-canh-dieu,document_level,legacy_or_naive_normalization,math_preservation,1.0,n_blocks=1949
sach-bai-tap-toan-12-tap-2-canh-dieu_legacy_or_naive_normalization,sach-bai-tap-toan-12-tap-2-canh-dieu,document_level,legacy_or_naive_normalization,answer_attachment,0.0,n_blocks=1949
sach-bai-tap-toan-12-tap-2-canh-dieu_legacy_or_naive_normalization,sach-bai-tap-toan-12-tap-2-canh-dieu,document_level,legacy_or_naive_normalization,solution_attachment,0.0,n_blocks=1949
sach-bai-tap-toan-12-tap-2-canh-dieu_legacy_or_naive_normalization,sach-bai-tap-toan-12-tap-2-canh-dieu,document_level,legacy_or_naive_normalization,idempotence,1.0,n_blocks=1949
sach-bai-tap-toan-12-tap-2-canh-dieu_legacy_or_naive_normalization,sach-bai-tap-toan-12-tap-2-canh-dieu,document_level,legacy_or_naive_normalization,runtime,20971.659120900003,n_blocks=1949
sach-bai-tap-toan-12-tap-2-canh-dieu_legacy_or_naive_normalization,sach-bai-tap-toan-12-tap-2-canh-dieu,document_level,legacy_or_naive_normalization,n_chunks,1362.0,n_blocks=1949
sbt-toan-12-cst-tap-1_raw_s1_passthrough,sbt-toan-12-cst-tap-1,document_level,raw_s1_passthrough,precision,1.0,n_blocks=1809
sbt-toan-12-cst-tap-1_raw_s1_passthrough,sbt-toan-12-cst-tap-1,document_level,raw_s1_passthrough,recall,0.0,n_blocks=1809
sbt-toan-12-cst-tap-1_raw_s1_passthrough,sbt-toan-12-cst-tap-1,document_level,raw_s1_passthrough,f1,0.0,n_blocks=1809
sbt-toan-12-cst-tap-1_raw_s1_passthrough,sbt-toan-12-cst-tap-1,document_level,raw_s1_passthrough,math_preservation,1.0,n_blocks=1809
sbt-toan-12-cst-tap-1_raw_s1_passthrough,sbt-toan-12-cst-tap-1,document_level,raw_s1_passthrough,answer_attachment,1.0,n_blocks=1809
sbt-toan-12-cst-tap-1_raw_s1_passthrough,sbt-toan-12-cst-tap-1,document_level,raw_s1_passthrough,solution_attachment,1.0,n_blocks=1809
sbt-toan-12-cst-tap-1_raw_s1_passthrough,sbt-toan-12-cst-tap-1,document_level,raw_s1_passthrough,idempotence,1.0,n_blocks=1809
sbt-toan-12-cst-tap-1_raw_s1_passthrough,sbt-toan-12-cst-tap-1,document_level,raw_s1_passthrough,runtime,0.0003552000052877702,n_blocks=1809
sbt-toan-12-cst-tap-1_raw_s1_passthrough,sbt-toan-12-cst-tap-1,document_level,raw_s1_passthrough,n_chunks,1.0,n_blocks=1809
sbt-toan-12-cst-tap-1_normalization_only,sbt-toan-12-cst-tap-1,document_level,normalization_only,precision,1.0,n_blocks=1809
sbt-toan-12-cst-tap-1_normalization_only,sbt-toan-12-cst-tap-1,document_level,normalization_only,recall,0.0,n_blocks=1809
sbt-toan-12-cst-tap-1_normalization_only,sbt-toan-12-cst-tap-1,document_level,normalization_only,f1,0.0,n_blocks=1809
sbt-toan-12-cst-tap-1_normalization_only,sbt-toan-12-cst-tap-1,document_level,normalization_only,math_preservation,0.00019252984212552945,n_blocks=1809
sbt-toan-12-cst-tap-1_normalization_only,sbt-toan-12-cst-tap-1,document_level,normalization_only,answer_attachment,1.0,n_blocks=1809
sbt-toan-12-cst-tap-1_normalization_only,sbt-toan-12-cst-tap-1,document_level,normalization_only,solution_attachment,1.0,n_blocks=1809
sbt-toan-12-cst-tap-1_normalization_only,sbt-toan-12-cst-tap-1,document_level,normalization_only,idempotence,1.0,n_blocks=1809
sbt-toan-12-cst-tap-1_normalization_only,sbt-toan-12-cst-tap-1,document_level,normalization_only,runtime,0.17558070000086445,n_blocks=1809
sbt-toan-12-cst-tap-1_normalization_only,sbt-toan-12-cst-tap-1,document_level,normalization_only,n_chunks,1.0,n_blocks=1809
sbt-toan-12-cst-tap-1_chunking_only,sbt-toan-12-cst-tap-1,document_level,chunking_only,precision,0.2762962962962963,n_blocks=1809
sbt-toan-12-cst-tap-1_chunking_only,sbt-toan-12-cst-tap-1,document_level,chunking_only,recall,0.9119804400977995,n_blocks=1809
sbt-toan-12-cst-tap-1_chunking_only,sbt-toan-12-cst-tap-1,document_level,chunking_only,f1,0.42410460488914165,n_blocks=1809
sbt-toan-12-cst-tap-1_chunking_only,sbt-toan-12-cst-tap-1,document_level,chunking_only,math_preservation,1.0,n_blocks=1809
sbt-toan-12-cst-tap-1_chunking_only,sbt-toan-12-cst-tap-1,document_level,chunking_only,answer_attachment,1.0,n_blocks=1809
sbt-toan-12-cst-tap-1_chunking_only,sbt-toan-12-cst-tap-1,document_level,chunking_only,solution_attachment,0.0,n_blocks=1809
sbt-toan-12-cst-tap-1_chunking_only,sbt-toan-12-cst-tap-1,document_level,chunking_only,idempotence,1.0,n_blocks=1809
sbt-toan-12-cst-tap-1_chunking_only,sbt-toan-12-cst-tap-1,document_level,chunking_only,runtime,136.63919549999991,n_blocks=1809
sbt-toan-12-cst-tap-1_chunking_only,sbt-toan-12-cst-tap-1,document_level,chunking_only,n_chunks,1351.0,n_blocks=1809
sbt-toan-12-cst-tap-1_full_s2,sbt-toan-12-cst-tap-1,document_level,full_s2,precision,0.2512350035285815,n_blocks=1809
sbt-toan-12-cst-tap-1_full_s2,sbt-toan-12-cst-tap-1,document_level,full_s2,recall,0.8704156479217604,n_blocks=1809
sbt-toan-12-cst-tap-1_full_s2,sbt-toan-12-cst-tap-1,document_level,full_s2,f1,0.3899233296823658,n_blocks=1809
sbt-toan-12-cst-tap-1_full_s2,sbt-toan-12-cst-tap-1,document_level,full_s2,math_preservation,1.0,n_blocks=1809
sbt-toan-12-cst-tap-1_full_s2,sbt-toan-12-cst-tap-1,document_level,full_s2,answer_attachment,1.0,n_blocks=1809
sbt-toan-12-cst-tap-1_full_s2,sbt-toan-12-cst-tap-1,document_level,full_s2,solution_attachment,0.0,n_blocks=1809
sbt-toan-12-cst-tap-1_full_s2,sbt-toan-12-cst-tap-1,document_level,full_s2,idempotence,1.0,n_blocks=1809
sbt-toan-12-cst-tap-1_full_s2,sbt-toan-12-cst-tap-1,document_level,full_s2,runtime,148.33848330000183,n_blocks=1809
sbt-toan-12-cst-tap-1_full_s2,sbt-toan-12-cst-tap-1,document_level,full_s2,n_chunks,1418.0,n_blocks=1809
sbt-toan-12-cst-tap-1_legacy_or_naive_chunking,sbt-toan-12-cst-tap-1,document_level,legacy_or_naive_chunking,precision,0.22621681415929204,n_blocks=1809
sbt-toan-12-cst-tap-1_legacy_or_naive_chunking,sbt-toan-12-cst-tap-1,document_level,legacy_or_naive_chunking,recall,1.0,n_blocks=1809
sbt-toan-12-cst-tap-1_legacy_or_naive_chunking,sbt-toan-12-cst-tap-1,document_level,legacy_or_naive_chunking,f1,0.3689670726206586,n_blocks=1809
sbt-toan-12-cst-tap-1_legacy_or_naive_chunking,sbt-toan-12-cst-tap-1,document_level,legacy_or_naive_chunking,math_preservation,1.0,n_blocks=1809
sbt-toan-12-cst-tap-1_legacy_or_naive_chunking,sbt-toan-12-cst-tap-1,document_level,legacy_or_naive_chunking,answer_attachment,1.0,n_blocks=1809
sbt-toan-12-cst-tap-1_legacy_or_naive_chunking,sbt-toan-12-cst-tap-1,document_level,legacy_or_naive_chunking,solution_attachment,0.0,n_blocks=1809
sbt-toan-12-cst-tap-1_legacy_or_naive_chunking,sbt-toan-12-cst-tap-1,document_level,legacy_or_naive_chunking,idempotence,1.0,n_blocks=1809
sbt-toan-12-cst-tap-1_legacy_or_naive_chunking,sbt-toan-12-cst-tap-1,document_level,legacy_or_naive_chunking,runtime,0.006141500001831446,n_blocks=1809
sbt-toan-12-cst-tap-1_legacy_or_naive_chunking,sbt-toan-12-cst-tap-1,document_level,legacy_or_naive_chunking,n_chunks,1809.0,n_blocks=1809
sbt-toan-12-cst-tap-1_legacy_or_naive_normalization,sbt-toan-12-cst-tap-1,document_level,legacy_or_naive_normalization,precision,0.28582434514637906,n_blocks=1809
sbt-toan-12-cst-tap-1_legacy_or_naive_normalization,sbt-toan-12-cst-tap-1,document_level,legacy_or_naive_normalization,recall,0.9070904645476773,n_blocks=1809
sbt-toan-12-cst-tap-1_legacy_or_naive_normalization,sbt-toan-12-cst-tap-1,document_level,legacy_or_naive_normalization,f1,0.43468072642062106,n_blocks=1809
sbt-toan-12-cst-tap-1_legacy_or_naive_normalization,sbt-toan-12-cst-tap-1,document_level,legacy_or_naive_normalization,math_preservation,1.0,n_blocks=1809
sbt-toan-12-cst-tap-1_legacy_or_naive_normalization,sbt-toan-12-cst-tap-1,document_level,legacy_or_naive_normalization,answer_attachment,1.0,n_blocks=1809
sbt-toan-12-cst-tap-1_legacy_or_naive_normalization,sbt-toan-12-cst-tap-1,document_level,legacy_or_naive_normalization,solution_attachment,0.0,n_blocks=1809
sbt-toan-12-cst-tap-1_legacy_or_naive_normalization,sbt-toan-12-cst-tap-1,document_level,legacy_or_naive_normalization,idempotence,1.0,n_blocks=1809
sbt-toan-12-cst-tap-1_legacy_or_naive_normalization,sbt-toan-12-cst-tap-1,document_level,legacy_or_naive_normalization,runtime,106.83526020000136,n_blocks=1809
sbt-toan-12-cst-tap-1_legacy_or_naive_normalization,sbt-toan-12-cst-tap-1,document_level,legacy_or_naive_normalization,n_chunks,1299.0,n_blocks=1809
sbt-toan-12-kntt-tap-1_raw_s1_passthrough,sbt-toan-12-kntt-tap-1,document_level,raw_s1_passthrough,precision,1.0,n_blocks=1685
sbt-toan-12-kntt-tap-1_raw_s1_passthrough,sbt-toan-12-kntt-tap-1,document_level,raw_s1_passthrough,recall,0.0,n_blocks=1685
sbt-toan-12-kntt-tap-1_raw_s1_passthrough,sbt-toan-12-kntt-tap-1,document_level,raw_s1_passthrough,f1,0.0,n_blocks=1685
sbt-toan-12-kntt-tap-1_raw_s1_passthrough,sbt-toan-12-kntt-tap-1,document_level,raw_s1_passthrough,math_preservation,1.0,n_blocks=1685
sbt-toan-12-kntt-tap-1_raw_s1_passthrough,sbt-toan-12-kntt-tap-1,document_level,raw_s1_passthrough,answer_attachment,1.0,n_blocks=1685
sbt-toan-12-kntt-tap-1_raw_s1_passthrough,sbt-toan-12-kntt-tap-1,document_level,raw_s1_passthrough,solution_attachment,1.0,n_blocks=1685
sbt-toan-12-kntt-tap-1_raw_s1_passthrough,sbt-toan-12-kntt-tap-1,document_level,raw_s1_passthrough,idempotence,1.0,n_blocks=1685
sbt-toan-12-kntt-tap-1_raw_s1_passthrough,sbt-toan-12-kntt-tap-1,document_level,raw_s1_passthrough,runtime,0.0020674999977927655,n_blocks=1685
sbt-toan-12-kntt-tap-1_raw_s1_passthrough,sbt-toan-12-kntt-tap-1,document_level,raw_s1_passthrough,n_chunks,1.0,n_blocks=1685
sbt-toan-12-kntt-tap-1_normalization_only,sbt-toan-12-kntt-tap-1,document_level,normalization_only,precision,1.0,n_blocks=1685
sbt-toan-12-kntt-tap-1_normalization_only,sbt-toan-12-kntt-tap-1,document_level,normalization_only,recall,0.0,n_blocks=1685
sbt-toan-12-kntt-tap-1_normalization_only,sbt-toan-12-kntt-tap-1,document_level,normalization_only,f1,0.0,n_blocks=1685
sbt-toan-12-kntt-tap-1_normalization_only,sbt-toan-12-kntt-tap-1,document_level,normalization_only,math_preservation,0.0,n_blocks=1685
sbt-toan-12-kntt-tap-1_normalization_only,sbt-toan-12-kntt-tap-1,document_level,normalization_only,answer_attachment,1.0,n_blocks=1685
sbt-toan-12-kntt-tap-1_normalization_only,sbt-toan-12-kntt-tap-1,document_level,normalization_only,solution_attachment,1.0,n_blocks=1685
sbt-toan-12-kntt-tap-1_normalization_only,sbt-toan-12-kntt-tap-1,document_level,normalization_only,idempotence,1.0,n_blocks=1685
sbt-toan-12-kntt-tap-1_normalization_only,sbt-toan-12-kntt-tap-1,document_level,normalization_only,runtime,0.14751840000099037,n_blocks=1685
sbt-toan-12-kntt-tap-1_normalization_only,sbt-toan-12-kntt-tap-1,document_level,normalization_only,n_chunks,1.0,n_blocks=1685
sbt-toan-12-kntt-tap-1_chunking_only,sbt-toan-12-kntt-tap-1,document_level,chunking_only,precision,0.28076923076923077,n_blocks=1685
sbt-toan-12-kntt-tap-1_chunking_only,sbt-toan-12-kntt-tap-1,document_level,chunking_only,recall,0.989159891598916,n_blocks=1685
sbt-toan-12-kntt-tap-1_chunking_only,sbt-toan-12-kntt-tap-1,document_level,chunking_only,f1,0.43738765727980833,n_blocks=1685
sbt-toan-12-kntt-tap-1_chunking_only,sbt-toan-12-kntt-tap-1,document_level,chunking_only,math_preservation,1.0,n_blocks=1685
sbt-toan-12-kntt-tap-1_chunking_only,sbt-toan-12-kntt-tap-1,document_level,chunking_only,answer_attachment,1.0,n_blocks=1685
sbt-toan-12-kntt-tap-1_chunking_only,sbt-toan-12-kntt-tap-1,document_level,chunking_only,solution_attachment,0.0,n_blocks=1685
sbt-toan-12-kntt-tap-1_chunking_only,sbt-toan-12-kntt-tap-1,document_level,chunking_only,idempotence,1.0,n_blocks=1685
sbt-toan-12-kntt-tap-1_chunking_only,sbt-toan-12-kntt-tap-1,document_level,chunking_only,runtime,103.52182480000192,n_blocks=1685
sbt-toan-12-kntt-tap-1_chunking_only,sbt-toan-12-kntt-tap-1,document_level,chunking_only,n_chunks,1301.0,n_blocks=1685
sbt-toan-12-kntt-tap-1_full_s2,sbt-toan-12-kntt-tap-1,document_level,full_s2,precision,0.26383896477354424,n_blocks=1685
sbt-toan-12-kntt-tap-1_full_s2,sbt-toan-12-kntt-tap-1,document_level,full_s2,recall,0.994579945799458,n_blocks=1685
sbt-toan-12-kntt-tap-1_full_s2,sbt-toan-12-kntt-tap-1,document_level,full_s2,f1,0.4170454545454546,n_blocks=1685
sbt-toan-12-kntt-tap-1_full_s2,sbt-toan-12-kntt-tap-1,document_level,full_s2,math_preservation,1.0,n_blocks=1685
sbt-toan-12-kntt-tap-1_full_s2,sbt-toan-12-kntt-tap-1,document_level,full_s2,answer_attachment,1.0,n_blocks=1685
sbt-toan-12-kntt-tap-1_full_s2,sbt-toan-12-kntt-tap-1,document_level,full_s2,solution_attachment,0.0,n_blocks=1685
sbt-toan-12-kntt-tap-1_full_s2,sbt-toan-12-kntt-tap-1,document_level,full_s2,idempotence,1.0,n_blocks=1685
sbt-toan-12-kntt-tap-1_full_s2,sbt-toan-12-kntt-tap-1,document_level,full_s2,runtime,129.2453741999998,n_blocks=1685
sbt-toan-12-kntt-tap-1_full_s2,sbt-toan-12-kntt-tap-1,document_level,full_s2,n_chunks,1392.0,n_blocks=1685
sbt-toan-12-kntt-tap-1_legacy_or_naive_chunking,sbt-toan-12-kntt-tap-1,document_level,legacy_or_naive_chunking,precision,0.21912114014251782,n_blocks=1685
sbt-toan-12-kntt-tap-1_legacy_or_naive_chunking,sbt-toan-12-kntt-tap-1,document_level,legacy_or_naive_chunking,recall,1.0,n_blocks=1685
sbt-toan-12-kntt-tap-1_legacy_or_naive_chunking,sbt-toan-12-kntt-tap-1,document_level,legacy_or_naive_chunking,f1,0.3594739405747686,n_blocks=1685
sbt-toan-12-kntt-tap-1_legacy_or_naive_chunking,sbt-toan-12-kntt-tap-1,document_level,legacy_or_naive_chunking,math_preservation,1.0,n_blocks=1685
sbt-toan-12-kntt-tap-1_legacy_or_naive_chunking,sbt-toan-12-kntt-tap-1,document_level,legacy_or_naive_chunking,answer_attachment,1.0,n_blocks=1685
sbt-toan-12-kntt-tap-1_legacy_or_naive_chunking,sbt-toan-12-kntt-tap-1,document_level,legacy_or_naive_chunking,solution_attachment,0.0,n_blocks=1685
sbt-toan-12-kntt-tap-1_legacy_or_naive_chunking,sbt-toan-12-kntt-tap-1,document_level,legacy_or_naive_chunking,idempotence,1.0,n_blocks=1685
sbt-toan-12-kntt-tap-1_legacy_or_naive_chunking,sbt-toan-12-kntt-tap-1,document_level,legacy_or_naive_chunking,runtime,0.009862600003543776,n_blocks=1685
sbt-toan-12-kntt-tap-1_legacy_or_naive_chunking,sbt-toan-12-kntt-tap-1,document_level,legacy_or_naive_chunking,n_chunks,1685.0,n_blocks=1685
sbt-toan-12-kntt-tap-1_legacy_or_naive_normalization,sbt-toan-12-kntt-tap-1,document_level,legacy_or_naive_normalization,precision,0.2882953652788688,n_blocks=1685
sbt-toan-12-kntt-tap-1_legacy_or_naive_normalization,sbt-toan-12-kntt-tap-1,document_level,legacy_or_naive_normalization,recall,0.994579945799458,n_blocks=1685
sbt-toan-12-kntt-tap-1_legacy_or_naive_normalization,sbt-toan-12-kntt-tap-1,document_level,legacy_or_naive_normalization,f1,0.4470158343483556,n_blocks=1685
sbt-toan-12-kntt-tap-1_legacy_or_naive_normalization,sbt-toan-12-kntt-tap-1,document_level,legacy_or_naive_normalization,math_preservation,1.0,n_blocks=1685
sbt-toan-12-kntt-tap-1_legacy_or_naive_normalization,sbt-toan-12-kntt-tap-1,document_level,legacy_or_naive_normalization,answer_attachment,1.0,n_blocks=1685
sbt-toan-12-kntt-tap-1_legacy_or_naive_normalization,sbt-toan-12-kntt-tap-1,document_level,legacy_or_naive_normalization,solution_attachment,0.0,n_blocks=1685
sbt-toan-12-kntt-tap-1_legacy_or_naive_normalization,sbt-toan-12-kntt-tap-1,document_level,legacy_or_naive_normalization,idempotence,1.0,n_blocks=1685
sbt-toan-12-kntt-tap-1_legacy_or_naive_normalization,sbt-toan-12-kntt-tap-1,document_level,legacy_or_naive_normalization,runtime,85.62755430000107,n_blocks=1685
sbt-toan-12-kntt-tap-1_legacy_or_naive_normalization,sbt-toan-12-kntt-tap-1,document_level,legacy_or_naive_normalization,n_chunks,1274.0,n_blocks=1685
sach-bai-tap-toan-10-tap-1-canh-dieu.pdf_by_PaddleOCR-VL-1.6_raw_s1_passthrough,sach-bai-tap-toan-10-tap-1-canh-dieu.pdf_by_PaddleOCR-VL-1.6,document_level,raw_s1_passthrough,precision,1.0,n_blocks=2484
sach-bai-tap-toan-10-tap-1-canh-dieu.pdf_by_PaddleOCR-VL-1.6_raw_s1_passthrough,sach-bai-tap-toan-10-tap-1-canh-dieu.pdf_by_PaddleOCR-VL-1.6,document_level,raw_s1_passthrough,recall,0.0,n_blocks=2484
sach-bai-tap-toan-10-tap-1-canh-dieu.pdf_by_PaddleOCR-VL-1.6_raw_s1_passthrough,sach-bai-tap-toan-10-tap-1-canh-dieu.pdf_by_PaddleOCR-VL-1.6,document_level,raw_s1_passthrough,f1,0.0,n_blocks=2484
sach-bai-tap-toan-10-tap-1-canh-dieu.pdf_by_PaddleOCR-VL-1.6_raw_s1_passthrough,sach-bai-tap-toan-10-tap-1-canh-dieu.pdf_by_PaddleOCR-VL-1.6,document_level,raw_s1_passthrough,math_preservation,1.0,n_blocks=2484
sach-bai-tap-toan-10-tap-1-canh-dieu.pdf_by_PaddleOCR-VL-1.6_raw_s1_passthrough,sach-bai-tap-toan-10-tap-1-canh-dieu.pdf_by_PaddleOCR-VL-1.6,document_level,raw_s1_passthrough,answer_attachment,1.0,n_blocks=2484
sach-bai-tap-toan-10-tap-1-canh-dieu.pdf_by_PaddleOCR-VL-1.6_raw_s1_passthrough,sach-bai-tap-toan-10-tap-1-canh-dieu.pdf_by_PaddleOCR-VL-1.6,document_level,raw_s1_passthrough,solution_attachment,1.0,n_blocks=2484
sach-bai-tap-toan-10-tap-1-canh-dieu.pdf_by_PaddleOCR-VL-1.6_raw_s1_passthrough,sach-bai-tap-toan-10-tap-1-canh-dieu.pdf_by_PaddleOCR-VL-1.6,document_level,raw_s1_passthrough,idempotence,1.0,n_blocks=2484
sach-bai-tap-toan-10-tap-1-canh-dieu.pdf_by_PaddleOCR-VL-1.6_raw_s1_passthrough,sach-bai-tap-toan-10-tap-1-canh-dieu.pdf_by_PaddleOCR-VL-1.6,document_level,raw_s1_passthrough,runtime,0.00028190000011818483,n_blocks=2484
sach-bai-tap-toan-10-tap-1-canh-dieu.pdf_by_PaddleOCR-VL-1.6_raw_s1_passthrough,sach-bai-tap-toan-10-tap-1-canh-dieu.pdf_by_PaddleOCR-VL-1.6,document_level,raw_s1_passthrough,n_chunks,1.0,n_blocks=2484
sach-bai-tap-toan-10-tap-1-canh-dieu.pdf_by_PaddleOCR-VL-1.6_normalization_only,sach-bai-tap-toan-10-tap-1-canh-dieu.pdf_by_PaddleOCR-VL-1.6,document_level,normalization_only,precision,1.0,n_blocks=2484
sach-bai-tap-toan-10-tap-1-canh-dieu.pdf_by_PaddleOCR-VL-1.6_normalization_only,sach-bai-tap-toan-10-tap-1-canh-dieu.pdf_by_PaddleOCR-VL-1.6,document_level,normalization_only,recall,0.0,n_blocks=2484
sach-bai-tap-toan-10-tap-1-canh-dieu.pdf_by_PaddleOCR-VL-1.6_normalization_only,sach-bai-tap-toan-10-tap-1-canh-dieu.pdf_by_PaddleOCR-VL-1.6,document_level,normalization_only,f1,0.0,n_blocks=2484
sach-bai-tap-toan-10-tap-1-canh-dieu.pdf_by_PaddleOCR-VL-1.6_normalization_only,sach-bai-tap-toan-10-tap-1-canh-dieu.pdf_by_PaddleOCR-VL-1.6,document_level,normalization_only,math_preservation,0.0005850804485616773,n_blocks=2484
sach-bai-tap-toan-10-tap-1-canh-dieu.pdf_by_PaddleOCR-VL-1.6_normalization_only,sach-bai-tap-toan-10-tap-1-canh-dieu.pdf_by_PaddleOCR-VL-1.6,document_level,normalization_only,answer_attachment,1.0,n_blocks=2484
sach-bai-tap-toan-10-tap-1-canh-dieu.pdf_by_PaddleOCR-VL-1.6_normalization_only,sach-bai-tap-toan-10-tap-1-canh-dieu.pdf_by_PaddleOCR-VL-1.6,document_level,normalization_only,solution_attachment,1.0,n_blocks=2484
sach-bai-tap-toan-10-tap-1-canh-dieu.pdf_by_PaddleOCR-VL-1.6_normalization_only,sach-bai-tap-toan-10-tap-1-canh-dieu.pdf_by_PaddleOCR-VL-1.6,document_level,normalization_only,idempotence,1.0,n_blocks=2484
sach-bai-tap-toan-10-tap-1-canh-dieu.pdf_by_PaddleOCR-VL-1.6_normalization_only,sach-bai-tap-toan-10-tap-1-canh-dieu.pdf_by_PaddleOCR-VL-1.6,document_level,normalization_only,runtime,0.27018800000223564,n_blocks=2484
sach-bai-tap-toan-10-tap-1-canh-dieu.pdf_by_PaddleOCR-VL-1.6_normalization_only,sach-bai-tap-toan-10-tap-1-canh-dieu.pdf_by_PaddleOCR-VL-1.6,document_level,normalization_only,n_chunks,1.0,n_blocks=2484
sach-bai-tap-toan-10-tap-1-canh-dieu.pdf_by_PaddleOCR-VL-1.6_chunking_only,sach-bai-tap-toan-10-tap-1-canh-dieu.pdf_by_PaddleOCR-VL-1.6,document_level,chunking_only,precision,0.2609359104781282,n_blocks=2484
sach-bai-tap-toan-10-tap-1-canh-dieu.pdf_by_PaddleOCR-VL-1.6_chunking_only,sach-bai-tap-toan-10-tap-1-canh-dieu.pdf_by_PaddleOCR-VL-1.6,document_level,chunking_only,recall,0.9752851711026616,n_blocks=2484
sach-bai-tap-toan-10-tap-1-canh-dieu.pdf_by_PaddleOCR-VL-1.6_chunking_only,sach-bai-tap-toan-10-tap-1-canh-dieu.pdf_by_PaddleOCR-VL-1.6,document_level,chunking_only,f1,0.4117174959871589,n_blocks=2484
sach-bai-tap-toan-10-tap-1-canh-dieu.pdf_by_PaddleOCR-VL-1.6_chunking_only,sach-bai-tap-toan-10-tap-1-canh-dieu.pdf_by_PaddleOCR-VL-1.6,document_level,chunking_only,math_preservation,1.0,n_blocks=2484
sach-bai-tap-toan-10-tap-1-canh-dieu.pdf_by_PaddleOCR-VL-1.6_chunking_only,sach-bai-tap-toan-10-tap-1-canh-dieu.pdf_by_PaddleOCR-VL-1.6,document_level,chunking_only,answer_attachment,1.0,n_blocks=2484
sach-bai-tap-toan-10-tap-1-canh-dieu.pdf_by_PaddleOCR-VL-1.6_chunking_only,sach-bai-tap-toan-10-tap-1-canh-dieu.pdf_by_PaddleOCR-VL-1.6,document_level,chunking_only,solution_attachment,0.07462686567164178,n_blocks=2484
sach-bai-tap-toan-10-tap-1-canh-dieu.pdf_by_PaddleOCR-VL-1.6_chunking_only,sach-bai-tap-toan-10-tap-1-canh-dieu.pdf_by_PaddleOCR-VL-1.6,document_level,chunking_only,idempotence,1.0,n_blocks=2484
sach-bai-tap-toan-10-tap-1-canh-dieu.pdf_by_PaddleOCR-VL-1.6_chunking_only,sach-bai-tap-toan-10-tap-1-canh-dieu.pdf_by_PaddleOCR-VL-1.6,document_level,chunking_only,runtime,193.22371489999932,n_blocks=2484
sach-bai-tap-toan-10-tap-1-canh-dieu.pdf_by_PaddleOCR-VL-1.6_chunking_only,sach-bai-tap-toan-10-tap-1-canh-dieu.pdf_by_PaddleOCR-VL-1.6,document_level,chunking_only,n_chunks,1967.0,n_blocks=2484
sach-bai-tap-toan-10-tap-1-canh-dieu.pdf_by_PaddleOCR-VL-1.6_full_s2,sach-bai-tap-toan-10-tap-1-canh-dieu.pdf_by_PaddleOCR-VL-1.6,document_level,full_s2,precision,0.24259789875835722,n_blocks=2484
sach-bai-tap-toan-10-tap-1-canh-dieu.pdf_by_PaddleOCR-VL-1.6_full_s2,sach-bai-tap-toan-10-tap-1-canh-dieu.pdf_by_PaddleOCR-VL-1.6,document_level,full_s2,recall,0.9657794676806084,n_blocks=2484
sach-bai-tap-toan-10-tap-1-canh-dieu.pdf_by_PaddleOCR-VL-1.6_full_s2,sach-bai-tap-toan-10-tap-1-canh-dieu.pdf_by_PaddleOCR-VL-1.6,document_level,full_s2,f1,0.3877862595419847,n_blocks=2484
sach-bai-tap-toan-10-tap-1-canh-dieu.pdf_by_PaddleOCR-VL-1.6_full_s2,sach-bai-tap-toan-10-tap-1-canh-dieu.pdf_by_PaddleOCR-VL-1.6,document_level,full_s2,math_preservation,1.0,n_blocks=2484
sach-bai-tap-toan-10-tap-1-canh-dieu.pdf_by_PaddleOCR-VL-1.6_full_s2,sach-bai-tap-toan-10-tap-1-canh-dieu.pdf_by_PaddleOCR-VL-1.6,document_level,full_s2,answer_attachment,1.0,n_blocks=2484
sach-bai-tap-toan-10-tap-1-canh-dieu.pdf_by_PaddleOCR-VL-1.6_full_s2,sach-bai-tap-toan-10-tap-1-canh-dieu.pdf_by_PaddleOCR-VL-1.6,document_level,full_s2,solution_attachment,0.029850746268656716,n_blocks=2484
sach-bai-tap-toan-10-tap-1-canh-dieu.pdf_by_PaddleOCR-VL-1.6_full_s2,sach-bai-tap-toan-10-tap-1-canh-dieu.pdf_by_PaddleOCR-VL-1.6,document_level,full_s2,idempotence,1.0,n_blocks=2484
sach-bai-tap-toan-10-tap-1-canh-dieu.pdf_by_PaddleOCR-VL-1.6_full_s2,sach-bai-tap-toan-10-tap-1-canh-dieu.pdf_by_PaddleOCR-VL-1.6,document_level,full_s2,runtime,159.98765930000081,n_blocks=2484
sach-bai-tap-toan-10-tap-1-canh-dieu.pdf_by_PaddleOCR-VL-1.6_full_s2,sach-bai-tap-toan-10-tap-1-canh-dieu.pdf_by_PaddleOCR-VL-1.6,document_level,full_s2,n_chunks,2095.0,n_blocks=2484
sach-bai-tap-toan-10-tap-1-canh-dieu.pdf_by_PaddleOCR-VL-1.6_legacy_or_naive_chunking,sach-bai-tap-toan-10-tap-1-canh-dieu.pdf_by_PaddleOCR-VL-1.6,document_level,legacy_or_naive_chunking,precision,0.21184051550543698,n_blocks=2484
sach-bai-tap-toan-10-tap-1-canh-dieu.pdf_by_PaddleOCR-VL-1.6_legacy_or_naive_chunking,sach-bai-tap-toan-10-tap-1-canh-dieu.pdf_by_PaddleOCR-VL-1.6,document_level,legacy_or_naive_chunking,recall,1.0,n_blocks=2484
sach-bai-tap-toan-10-tap-1-canh-dieu.pdf_by_PaddleOCR-VL-1.6_legacy_or_naive_chunking,sach-bai-tap-toan-10-tap-1-canh-dieu.pdf_by_PaddleOCR-VL-1.6,document_level,legacy_or_naive_chunking,f1,0.3496178132269857,n_blocks=2484
sach-bai-tap-toan-10-tap-1-canh-dieu.pdf_by_PaddleOCR-VL-1.6_legacy_or_naive_chunking,sach-bai-tap-toan-10-tap-1-canh-dieu.pdf_by_PaddleOCR-VL-1.6,document_level,legacy_or_naive_chunking,math_preservation,1.0,n_blocks=2484
sach-bai-tap-toan-10-tap-1-canh-dieu.pdf_by_PaddleOCR-VL-1.6_legacy_or_naive_chunking,sach-bai-tap-toan-10-tap-1-canh-dieu.pdf_by_PaddleOCR-VL-1.6,document_level,legacy_or_naive_chunking,answer_attachment,1.0,n_blocks=2484
sach-bai-tap-toan-10-tap-1-canh-dieu.pdf_by_PaddleOCR-VL-1.6_legacy_or_naive_chunking,sach-bai-tap-toan-10-tap-1-canh-dieu.pdf_by_PaddleOCR-VL-1.6,document_level,legacy_or_naive_chunking,solution_attachment,0.0,n_blocks=2484
sach-bai-tap-toan-10-tap-1-canh-dieu.pdf_by_PaddleOCR-VL-1.6_legacy_or_naive_chunking,sach-bai-tap-toan-10-tap-1-canh-dieu.pdf_by_PaddleOCR-VL-1.6,document_level,legacy_or_naive_chunking,idempotence,1.0,n_blocks=2484
sach-bai-tap-toan-10-tap-1-canh-dieu.pdf_by_PaddleOCR-VL-1.6_legacy_or_naive_chunking,sach-bai-tap-toan-10-tap-1-canh-dieu.pdf_by_PaddleOCR-VL-1.6,document_level,legacy_or_naive_chunking,runtime,0.008415200005401857,n_blocks=2484
sach-bai-tap-toan-10-tap-1-canh-dieu.pdf_by_PaddleOCR-VL-1.6_legacy_or_naive_chunking,sach-bai-tap-toan-10-tap-1-canh-dieu.pdf_by_PaddleOCR-VL-1.6,document_level,legacy_or_naive_chunking,n_chunks,2484.0,n_blocks=2484
sach-bai-tap-toan-10-tap-1-canh-dieu.pdf_by_PaddleOCR-VL-1.6_legacy_or_naive_normalization,sach-bai-tap-toan-10-tap-1-canh-dieu.pdf_by_PaddleOCR-VL-1.6,document_level,legacy_or_naive_normalization,precision,0.2622359608449253,n_blocks=2484
sach-bai-tap-toan-10-tap-1-canh-dieu.pdf_by_PaddleOCR-VL-1.6_legacy_or_naive_normalization,sach-bai-tap-toan-10-tap-1-canh-dieu.pdf_by_PaddleOCR-VL-1.6,document_level,legacy_or_naive_normalization,recall,0.967680608365019,n_blocks=2484
sach-bai-tap-toan-10-tap-1-canh-dieu.pdf_by_PaddleOCR-VL-1.6_legacy_or_naive_normalization,sach-bai-tap-toan-10-tap-1-canh-dieu.pdf_by_PaddleOCR-VL-1.6,document_level,legacy_or_naive_normalization,f1,0.4126469396027564,n_blocks=2484
sach-bai-tap-toan-10-tap-1-canh-dieu.pdf_by_PaddleOCR-VL-1.6_legacy_or_naive_normalization,sach-bai-tap-toan-10-tap-1-canh-dieu.pdf_by_PaddleOCR-VL-1.6,document_level,legacy_or_naive_normalization,math_preservation,1.0,n_blocks=2484
sach-bai-tap-toan-10-tap-1-canh-dieu.pdf_by_PaddleOCR-VL-1.6_legacy_or_naive_normalization,sach-bai-tap-toan-10-tap-1-canh-dieu.pdf_by_PaddleOCR-VL-1.6,document_level,legacy_or_naive_normalization,answer_attachment,1.0,n_blocks=2484
sach-bai-tap-toan-10-tap-1-canh-dieu.pdf_by_PaddleOCR-VL-1.6_legacy_or_naive_normalization,sach-bai-tap-toan-10-tap-1-canh-dieu.pdf_by_PaddleOCR-VL-1.6,document_level,legacy_or_naive_normalization,solution_attachment,0.0,n_blocks=2484
sach-bai-tap-toan-10-tap-1-canh-dieu.pdf_by_PaddleOCR-VL-1.6_legacy_or_naive_normalization,sach-bai-tap-toan-10-tap-1-canh-dieu.pdf_by_PaddleOCR-VL-1.6,document_level,legacy_or_naive_normalization,idempotence,1.0,n_blocks=2484
sach-bai-tap-toan-10-tap-1-canh-dieu.pdf_by_PaddleOCR-VL-1.6_legacy_or_naive_normalization,sach-bai-tap-toan-10-tap-1-canh-dieu.pdf_by_PaddleOCR-VL-1.6,document_level,legacy_or_naive_normalization,runtime,180.01775080000516,n_blocks=2484
sach-bai-tap-toan-10-tap-1-canh-dieu.pdf_by_PaddleOCR-VL-1.6_legacy_or_naive_normalization,sach-bai-tap-toan-10-tap-1-canh-dieu.pdf_by_PaddleOCR-VL-1.6,document_level,legacy_or_naive_normalization,n_chunks,1942.0,n_blocks=2484
sach-bai-tap-toan-10-tap-1-chan-troi-sang-tao.pdf_by_PaddleOCR-VL-1.6_raw_s1_passthrough,sach-bai-tap-toan-10-tap-1-chan-troi-sang-tao.pdf_by_PaddleOCR-VL-1.6,document_level,raw_s1_passthrough,precision,1.0,n_blocks=2640
sach-bai-tap-toan-10-tap-1-chan-troi-sang-tao.pdf_by_PaddleOCR-VL-1.6_raw_s1_passthrough,sach-bai-tap-toan-10-tap-1-chan-troi-sang-tao.pdf_by_PaddleOCR-VL-1.6,document_level,raw_s1_passthrough,recall,0.0,n_blocks=2640
sach-bai-tap-toan-10-tap-1-chan-troi-sang-tao.pdf_by_PaddleOCR-VL-1.6_raw_s1_passthrough,sach-bai-tap-toan-10-tap-1-chan-troi-sang-tao.pdf_by_PaddleOCR-VL-1.6,document_level,raw_s1_passthrough,f1,0.0,n_blocks=2640
sach-bai-tap-toan-10-tap-1-chan-troi-sang-tao.pdf_by_PaddleOCR-VL-1.6_raw_s1_passthrough,sach-bai-tap-toan-10-tap-1-chan-troi-sang-tao.pdf_by_PaddleOCR-VL-1.6,document_level,raw_s1_passthrough,math_preservation,1.0,n_blocks=2640
sach-bai-tap-toan-10-tap-1-chan-troi-sang-tao.pdf_by_PaddleOCR-VL-1.6_raw_s1_passthrough,sach-bai-tap-toan-10-tap-1-chan-troi-sang-tao.pdf_by_PaddleOCR-VL-1.6,document_level,raw_s1_passthrough,answer_attachment,1.0,n_blocks=2640
sach-bai-tap-toan-10-tap-1-chan-troi-sang-tao.pdf_by_PaddleOCR-VL-1.6_raw_s1_passthrough,sach-bai-tap-toan-10-tap-1-chan-troi-sang-tao.pdf_by_PaddleOCR-VL-1.6,document_level,raw_s1_passthrough,solution_attachment,1.0,n_blocks=2640
sach-bai-tap-toan-10-tap-1-chan-troi-sang-tao.pdf_by_PaddleOCR-VL-1.6_raw_s1_passthrough,sach-bai-tap-toan-10-tap-1-chan-troi-sang-tao.pdf_by_PaddleOCR-VL-1.6,document_level,raw_s1_passthrough,idempotence,1.0,n_blocks=2640
sach-bai-tap-toan-10-tap-1-chan-troi-sang-tao.pdf_by_PaddleOCR-VL-1.6_raw_s1_passthrough,sach-bai-tap-toan-10-tap-1-chan-troi-sang-tao.pdf_by_PaddleOCR-VL-1.6,document_level,raw_s1_passthrough,runtime,0.0006849999990663491,n_blocks=2640
sach-bai-tap-toan-10-tap-1-chan-troi-sang-tao.pdf_by_PaddleOCR-VL-1.6_raw_s1_passthrough,sach-bai-tap-toan-10-tap-1-chan-troi-sang-tao.pdf_by_PaddleOCR-VL-1.6,document_level,raw_s1_passthrough,n_chunks,1.0,n_blocks=2640
sach-bai-tap-toan-10-tap-1-chan-troi-sang-tao.pdf_by_PaddleOCR-VL-1.6_normalization_only,sach-bai-tap-toan-10-tap-1-chan-troi-sang-tao.pdf_by_PaddleOCR-VL-1.6,document_level,normalization_only,precision,1.0,n_blocks=2640
sach-bai-tap-toan-10-tap-1-chan-troi-sang-tao.pdf_by_PaddleOCR-VL-1.6_normalization_only,sach-bai-tap-toan-10-tap-1-chan-troi-sang-tao.pdf_by_PaddleOCR-VL-1.6,document_level,normalization_only,recall,0.0,n_blocks=2640
sach-bai-tap-toan-10-tap-1-chan-troi-sang-tao.pdf_by_PaddleOCR-VL-1.6_normalization_only,sach-bai-tap-toan-10-tap-1-chan-troi-sang-tao.pdf_by_PaddleOCR-VL-1.6,document_level,normalization_only,f1,0.0,n_blocks=2640
sach-bai-tap-toan-10-tap-1-chan-troi-sang-tao.pdf_by_PaddleOCR-VL-1.6_normalization_only,sach-bai-tap-toan-10-tap-1-chan-troi-sang-tao.pdf_by_PaddleOCR-VL-1.6,document_level,normalization_only,math_preservation,0.00011367511651699443,n_blocks=2640
sach-bai-tap-toan-10-tap-1-chan-troi-sang-tao.pdf_by_PaddleOCR-VL-1.6_normalization_only,sach-bai-tap-toan-10-tap-1-chan-troi-sang-tao.pdf_by_PaddleOCR-VL-1.6,document_level,normalization_only,answer_attachment,1.0,n_blocks=2640
sach-bai-tap-toan-10-tap-1-chan-troi-sang-tao.pdf_by_PaddleOCR-VL-1.6_normalization_only,sach-bai-tap-toan-10-tap-1-chan-troi-sang-tao.pdf_by_PaddleOCR-VL-1.6,document_level,normalization_only,solution_attachment,1.0,n_blocks=2640
sach-bai-tap-toan-10-tap-1-chan-troi-sang-tao.pdf_by_PaddleOCR-VL-1.6_normalization_only,sach-bai-tap-toan-10-tap-1-chan-troi-sang-tao.pdf_by_PaddleOCR-VL-1.6,document_level,normalization_only,idempotence,1.0,n_blocks=2640
sach-bai-tap-toan-10-tap-1-chan-troi-sang-tao.pdf_by_PaddleOCR-VL-1.6_normalization_only,sach-bai-tap-toan-10-tap-1-chan-troi-sang-tao.pdf_by_PaddleOCR-VL-1.6,document_level,normalization_only,runtime,0.3545857999997679,n_blocks=2640
sach-bai-tap-toan-10-tap-1-chan-troi-sang-tao.pdf_by_PaddleOCR-VL-1.6_normalization_only,sach-bai-tap-toan-10-tap-1-chan-troi-sang-tao.pdf_by_PaddleOCR-VL-1.6,document_level,normalization_only,n_chunks,1.0,n_blocks=2640
sach-bai-tap-toan-10-tap-1-chan-troi-sang-tao.pdf_by_PaddleOCR-VL-1.6_chunking_only,sach-bai-tap-toan-10-tap-1-chan-troi-sang-tao.pdf_by_PaddleOCR-VL-1.6,document_level,chunking_only,precision,0.28217581350169985,n_blocks=2640
sach-bai-tap-toan-10-tap-1-chan-troi-sang-tao.pdf_by_PaddleOCR-VL-1.6_chunking_only,sach-bai-tap-toan-10-tap-1-chan-troi-sang-tao.pdf_by_PaddleOCR-VL-1.6,document_level,chunking_only,recall,0.9715719063545151,n_blocks=2640
sach-bai-tap-toan-10-tap-1-chan-troi-sang-tao.pdf_by_PaddleOCR-VL-1.6_chunking_only,sach-bai-tap-toan-10-tap-1-chan-troi-sang-tao.pdf_by_PaddleOCR-VL-1.6,document_level,chunking_only,f1,0.43733534060971024,n_blocks=2640
sach-bai-tap-toan-10-tap-1-chan-troi-sang-tao.pdf_by_PaddleOCR-VL-1.6_chunking_only,sach-bai-tap-toan-10-tap-1-chan-troi-sang-tao.pdf_by_PaddleOCR-VL-1.6,document_level,chunking_only,math_preservation,1.0,n_blocks=2640
sach-bai-tap-toan-10-tap-1-chan-troi-sang-tao.pdf_by_PaddleOCR-VL-1.6_chunking_only,sach-bai-tap-toan-10-tap-1-chan-troi-sang-tao.pdf_by_PaddleOCR-VL-1.6,document_level,chunking_only,answer_attachment,1.0,n_blocks=2640
sach-bai-tap-toan-10-tap-1-chan-troi-sang-tao.pdf_by_PaddleOCR-VL-1.6_chunking_only,sach-bai-tap-toan-10-tap-1-chan-troi-sang-tao.pdf_by_PaddleOCR-VL-1.6,document_level,chunking_only,solution_attachment,0.0,n_blocks=2640
sach-bai-tap-toan-10-tap-1-chan-troi-sang-tao.pdf_by_PaddleOCR-VL-1.6_chunking_only,sach-bai-tap-toan-10-tap-1-chan-troi-sang-tao.pdf_by_PaddleOCR-VL-1.6,document_level,chunking_only,idempotence,1.0,n_blocks=2640
sach-bai-tap-toan-10-tap-1-chan-troi-sang-tao.pdf_by_PaddleOCR-VL-1.6_chunking_only,sach-bai-tap-toan-10-tap-1-chan-troi-sang-tao.pdf_by_PaddleOCR-VL-1.6,document_level,chunking_only,runtime,197.83980449999945,n_blocks=2640
sach-bai-tap-toan-10-tap-1-chan-troi-sang-tao.pdf_by_PaddleOCR-VL-1.6_chunking_only,sach-bai-tap-toan-10-tap-1-chan-troi-sang-tao.pdf_by_PaddleOCR-VL-1.6,document_level,chunking_only,n_chunks,2060.0,n_blocks=2640
sach-bai-tap-toan-10-tap-1-chan-troi-sang-tao.pdf_by_PaddleOCR-VL-1.6_full_s2,sach-bai-tap-toan-10-tap-1-chan-troi-sang-tao.pdf_by_PaddleOCR-VL-1.6,document_level,full_s2,precision,0.24454545454545454,n_blocks=2640
sach-bai-tap-toan-10-tap-1-chan-troi-sang-tao.pdf_by_PaddleOCR-VL-1.6_full_s2,sach-bai-tap-toan-10-tap-1-chan-troi-sang-tao.pdf_by_PaddleOCR-VL-1.6,document_level,full_s2,recall,0.8996655518394648,n_blocks=2640
sach-bai-tap-toan-10-tap-1-chan-troi-sang-tao.pdf_by_PaddleOCR-VL-1.6_full_s2,sach-bai-tap-toan-10-tap-1-chan-troi-sang-tao.pdf_by_PaddleOCR-VL-1.6,document_level,full_s2,f1,0.3845604002859185,n_blocks=2640
sach-bai-tap-toan-10-tap-1-chan-troi-sang-tao.pdf_by_PaddleOCR-VL-1.6_full_s2,sach-bai-tap-toan-10-tap-1-chan-troi-sang-tao.pdf_by_PaddleOCR-VL-1.6,document_level,full_s2,math_preservation,1.0,n_blocks=2640
sach-bai-tap-toan-10-tap-1-chan-troi-sang-tao.pdf_by_PaddleOCR-VL-1.6_full_s2,sach-bai-tap-toan-10-tap-1-chan-troi-sang-tao.pdf_by_PaddleOCR-VL-1.6,document_level,full_s2,answer_attachment,1.0,n_blocks=2640
sach-bai-tap-toan-10-tap-1-chan-troi-sang-tao.pdf_by_PaddleOCR-VL-1.6_full_s2,sach-bai-tap-toan-10-tap-1-chan-troi-sang-tao.pdf_by_PaddleOCR-VL-1.6,document_level,full_s2,solution_attachment,0.0,n_blocks=2640
sach-bai-tap-toan-10-tap-1-chan-troi-sang-tao.pdf_by_PaddleOCR-VL-1.6_full_s2,sach-bai-tap-toan-10-tap-1-chan-troi-sang-tao.pdf_by_PaddleOCR-VL-1.6,document_level,full_s2,idempotence,1.0,n_blocks=2640
sach-bai-tap-toan-10-tap-1-chan-troi-sang-tao.pdf_by_PaddleOCR-VL-1.6_full_s2,sach-bai-tap-toan-10-tap-1-chan-troi-sang-tao.pdf_by_PaddleOCR-VL-1.6,document_level,full_s2,runtime,189.99946199999977,n_blocks=2640
sach-bai-tap-toan-10-tap-1-chan-troi-sang-tao.pdf_by_PaddleOCR-VL-1.6_full_s2,sach-bai-tap-toan-10-tap-1-chan-troi-sang-tao.pdf_by_PaddleOCR-VL-1.6,document_level,full_s2,n_chunks,2201.0,n_blocks=2640
sach-bai-tap-toan-10-tap-1-chan-troi-sang-tao.pdf_by_PaddleOCR-VL-1.6_legacy_or_naive_chunking,sach-bai-tap-toan-10-tap-1-chan-troi-sang-tao.pdf_by_PaddleOCR-VL-1.6,document_level,legacy_or_naive_chunking,precision,0.22660098522167488,n_blocks=2640
sach-bai-tap-toan-10-tap-1-chan-troi-sang-tao.pdf_by_PaddleOCR-VL-1.6_legacy_or_naive_chunking,sach-bai-tap-toan-10-tap-1-chan-troi-sang-tao.pdf_by_PaddleOCR-VL-1.6,document_level,legacy_or_naive_chunking,recall,1.0,n_blocks=2640
sach-bai-tap-toan-10-tap-1-chan-troi-sang-tao.pdf_by_PaddleOCR-VL-1.6_legacy_or_naive_chunking,sach-bai-tap-toan-10-tap-1-chan-troi-sang-tao.pdf_by_PaddleOCR-VL-1.6,document_level,legacy_or_naive_chunking,f1,0.3694779116465864,n_blocks=2640
sach-bai-tap-toan-10-tap-1-chan-troi-sang-tao.pdf_by_PaddleOCR-VL-1.6_legacy_or_naive_chunking,sach-bai-tap-toan-10-tap-1-chan-troi-sang-tao.pdf_by_PaddleOCR-VL-1.6,document_level,legacy_or_naive_chunking,math_preservation,1.0,n_blocks=2640
sach-bai-tap-toan-10-tap-1-chan-troi-sang-tao.pdf_by_PaddleOCR-VL-1.6_legacy_or_naive_chunking,sach-bai-tap-toan-10-tap-1-chan-troi-sang-tao.pdf_by_PaddleOCR-VL-1.6,document_level,legacy_or_naive_chunking,answer_attachment,1.0,n_blocks=2640
sach-bai-tap-toan-10-tap-1-chan-troi-sang-tao.pdf_by_PaddleOCR-VL-1.6_legacy_or_naive_chunking,sach-bai-tap-toan-10-tap-1-chan-troi-sang-tao.pdf_by_PaddleOCR-VL-1.6,document_level,legacy_or_naive_chunking,solution_attachment,0.0,n_blocks=2640
sach-bai-tap-toan-10-tap-1-chan-troi-sang-tao.pdf_by_PaddleOCR-VL-1.6_legacy_or_naive_chunking,sach-bai-tap-toan-10-tap-1-chan-troi-sang-tao.pdf_by_PaddleOCR-VL-1.6,document_level,legacy_or_naive_chunking,idempotence,1.0,n_blocks=2640
sach-bai-tap-toan-10-tap-1-chan-troi-sang-tao.pdf_by_PaddleOCR-VL-1.6_legacy_or_naive_chunking,sach-bai-tap-toan-10-tap-1-chan-troi-sang-tao.pdf_by_PaddleOCR-VL-1.6,document_level,legacy_or_naive_chunking,runtime,0.009665799996582791,n_blocks=2640
sach-bai-tap-toan-10-tap-1-chan-troi-sang-tao.pdf_by_PaddleOCR-VL-1.6_legacy_or_naive_chunking,sach-bai-tap-toan-10-tap-1-chan-troi-sang-tao.pdf_by_PaddleOCR-VL-1.6,document_level,legacy_or_naive_chunking,n_chunks,2640.0,n_blocks=2640
sach-bai-tap-toan-10-tap-1-chan-troi-sang-tao.pdf_by_PaddleOCR-VL-1.6_legacy_or_naive_normalization,sach-bai-tap-toan-10-tap-1-chan-troi-sang-tao.pdf_by_PaddleOCR-VL-1.6,document_level,legacy_or_naive_normalization,precision,0.28896585848589806,n_blocks=2640
sach-bai-tap-toan-10-tap-1-chan-troi-sang-tao.pdf_by_PaddleOCR-VL-1.6_legacy_or_naive_normalization,sach-bai-tap-toan-10-tap-1-chan-troi-sang-tao.pdf_by_PaddleOCR-VL-1.6,document_level,legacy_or_naive_normalization,recall,0.9765886287625418,n_blocks=2640
sach-bai-tap-toan-10-tap-1-chan-troi-sang-tao.pdf_by_PaddleOCR-VL-1.6_legacy_or_naive_normalization,sach-bai-tap-toan-10-tap-1-chan-troi-sang-tao.pdf_by_PaddleOCR-VL-1.6,document_level,legacy_or_naive_normalization,f1,0.44597174494081704,n_blocks=2640
sach-bai-tap-toan-10-tap-1-chan-troi-sang-tao.pdf_by_PaddleOCR-VL-1.6_legacy_or_naive_normalization,sach-bai-tap-toan-10-tap-1-chan-troi-sang-tao.pdf_by_PaddleOCR-VL-1.6,document_level,legacy_or_naive_normalization,math_preservation,1.0,n_blocks=2640
sach-bai-tap-toan-10-tap-1-chan-troi-sang-tao.pdf_by_PaddleOCR-VL-1.6_legacy_or_naive_normalization,sach-bai-tap-toan-10-tap-1-chan-troi-sang-tao.pdf_by_PaddleOCR-VL-1.6,document_level,legacy_or_naive_normalization,answer_attachment,1.0,n_blocks=2640
sach-bai-tap-toan-10-tap-1-chan-troi-sang-tao.pdf_by_PaddleOCR-VL-1.6_legacy_or_naive_normalization,sach-bai-tap-toan-10-tap-1-chan-troi-sang-tao.pdf_by_PaddleOCR-VL-1.6,document_level,legacy_or_naive_normalization,solution_attachment,0.0,n_blocks=2640
sach-bai-tap-toan-10-tap-1-chan-troi-sang-tao.pdf_by_PaddleOCR-VL-1.6_legacy_or_naive_normalization,sach-bai-tap-toan-10-tap-1-chan-troi-sang-tao.pdf_by_PaddleOCR-VL-1.6,document_level,legacy_or_naive_normalization,idempotence,1.0,n_blocks=2640
sach-bai-tap-toan-10-tap-1-chan-troi-sang-tao.pdf_by_PaddleOCR-VL-1.6_legacy_or_naive_normalization,sach-bai-tap-toan-10-tap-1-chan-troi-sang-tao.pdf_by_PaddleOCR-VL-1.6,document_level,legacy_or_naive_normalization,runtime,194.1656612000006,n_blocks=2640
sach-bai-tap-toan-10-tap-1-chan-troi-sang-tao.pdf_by_PaddleOCR-VL-1.6_legacy_or_naive_normalization,sach-bai-tap-toan-10-tap-1-chan-troi-sang-tao.pdf_by_PaddleOCR-VL-1.6,document_level,legacy_or_naive_normalization,n_chunks,2022.0,n_blocks=2640
sach-bai-tap-toan-10-tap-1-ket-noi-tri-thuc-voi-cuoc-song.pdf_by_PaddleOCR-VL-1.6_raw_s1_passthrough,sach-bai-tap-toan-10-tap-1-ket-noi-tri-thuc-voi-cuoc-song.pdf_by_PaddleOCR-VL-1.6,document_level,raw_s1_passthrough,precision,1.0,n_blocks=2370
sach-bai-tap-toan-10-tap-1-ket-noi-tri-thuc-voi-cuoc-song.pdf_by_PaddleOCR-VL-1.6_raw_s1_passthrough,sach-bai-tap-toan-10-tap-1-ket-noi-tri-thuc-voi-cuoc-song.pdf_by_PaddleOCR-VL-1.6,document_level,raw_s1_passthrough,recall,0.0,n_blocks=2370
sach-bai-tap-toan-10-tap-1-ket-noi-tri-thuc-voi-cuoc-song.pdf_by_PaddleOCR-VL-1.6_raw_s1_passthrough,sach-bai-tap-toan-10-tap-1-ket-noi-tri-thuc-voi-cuoc-song.pdf_by_PaddleOCR-VL-1.6,document_level,raw_s1_passthrough,f1,0.0,n_blocks=2370
sach-bai-tap-toan-10-tap-1-ket-noi-tri-thuc-voi-cuoc-song.pdf_by_PaddleOCR-VL-1.6_raw_s1_passthrough,sach-bai-tap-toan-10-tap-1-ket-noi-tri-thuc-voi-cuoc-song.pdf_by_PaddleOCR-VL-1.6,document_level,raw_s1_passthrough,math_preservation,1.0,n_blocks=2370
sach-bai-tap-toan-10-tap-1-ket-noi-tri-thuc-voi-cuoc-song.pdf_by_PaddleOCR-VL-1.6_raw_s1_passthrough,sach-bai-tap-toan-10-tap-1-ket-noi-tri-thuc-voi-cuoc-song.pdf_by_PaddleOCR-VL-1.6,document_level,raw_s1_passthrough,answer_attachment,1.0,n_blocks=2370
sach-bai-tap-toan-10-tap-1-ket-noi-tri-thuc-voi-cuoc-song.pdf_by_PaddleOCR-VL-1.6_raw_s1_passthrough,sach-bai-tap-toan-10-tap-1-ket-noi-tri-thuc-voi-cuoc-song.pdf_by_PaddleOCR-VL-1.6,document_level,raw_s1_passthrough,solution_attachment,1.0,n_blocks=2370
sach-bai-tap-toan-10-tap-1-ket-noi-tri-thuc-voi-cuoc-song.pdf_by_PaddleOCR-VL-1.6_raw_s1_passthrough,sach-bai-tap-toan-10-tap-1-ket-noi-tri-thuc-voi-cuoc-song.pdf_by_PaddleOCR-VL-1.6,document_level,raw_s1_passthrough,idempotence,1.0,n_blocks=2370
sach-bai-tap-toan-10-tap-1-ket-noi-tri-thuc-voi-cuoc-song.pdf_by_PaddleOCR-VL-1.6_raw_s1_passthrough,sach-bai-tap-toan-10-tap-1-ket-noi-tri-thuc-voi-cuoc-song.pdf_by_PaddleOCR-VL-1.6,document_level,raw_s1_passthrough,runtime,0.0005560000063269399,n_blocks=2370
sach-bai-tap-toan-10-tap-1-ket-noi-tri-thuc-voi-cuoc-song.pdf_by_PaddleOCR-VL-1.6_raw_s1_passthrough,sach-bai-tap-toan-10-tap-1-ket-noi-tri-thuc-voi-cuoc-song.pdf_by_PaddleOCR-VL-1.6,document_level,raw_s1_passthrough,n_chunks,1.0,n_blocks=2370
sach-bai-tap-toan-10-tap-1-ket-noi-tri-thuc-voi-cuoc-song.pdf_by_PaddleOCR-VL-1.6_normalization_only,sach-bai-tap-toan-10-tap-1-ket-noi-tri-thuc-voi-cuoc-song.pdf_by_PaddleOCR-VL-1.6,document_level,normalization_only,precision,1.0,n_blocks=2370
sach-bai-tap-toan-10-tap-1-ket-noi-tri-thuc-voi-cuoc-song.pdf_by_PaddleOCR-VL-1.6_normalization_only,sach-bai-tap-toan-10-tap-1-ket-noi-tri-thuc-voi-cuoc-song.pdf_by_PaddleOCR-VL-1.6,document_level,normalization_only,recall,0.0,n_blocks=2370
sach-bai-tap-toan-10-tap-1-ket-noi-tri-thuc-voi-cuoc-song.pdf_by_PaddleOCR-VL-1.6_normalization_only,sach-bai-tap-toan-10-tap-1-ket-noi-tri-thuc-voi-cuoc-song.pdf_by_PaddleOCR-VL-1.6,document_level,normalization_only,f1,0.0,n_blocks=2370
sach-bai-tap-toan-10-tap-1-ket-noi-tri-thuc-voi-cuoc-song.pdf_by_PaddleOCR-VL-1.6_normalization_only,sach-bai-tap-toan-10-tap-1-ket-noi-tri-thuc-voi-cuoc-song.pdf_by_PaddleOCR-VL-1.6,document_level,normalization_only,math_preservation,0.0,n_blocks=2370
sach-bai-tap-toan-10-tap-1-ket-noi-tri-thuc-voi-cuoc-song.pdf_by_PaddleOCR-VL-1.6_normalization_only,sach-bai-tap-toan-10-tap-1-ket-noi-tri-thuc-voi-cuoc-song.pdf_by_PaddleOCR-VL-1.6,document_level,normalization_only,answer_attachment,1.0,n_blocks=2370
sach-bai-tap-toan-10-tap-1-ket-noi-tri-thuc-voi-cuoc-song.pdf_by_PaddleOCR-VL-1.6_normalization_only,sach-bai-tap-toan-10-tap-1-ket-noi-tri-thuc-voi-cuoc-song.pdf_by_PaddleOCR-VL-1.6,document_level,normalization_only,solution_attachment,1.0,n_blocks=2370
sach-bai-tap-toan-10-tap-1-ket-noi-tri-thuc-voi-cuoc-song.pdf_by_PaddleOCR-VL-1.6_normalization_only,sach-bai-tap-toan-10-tap-1-ket-noi-tri-thuc-voi-cuoc-song.pdf_by_PaddleOCR-VL-1.6,document_level,normalization_only,idempotence,1.0,n_blocks=2370
sach-bai-tap-toan-10-tap-1-ket-noi-tri-thuc-voi-cuoc-song.pdf_by_PaddleOCR-VL-1.6_normalization_only,sach-bai-tap-toan-10-tap-1-ket-noi-tri-thuc-voi-cuoc-song.pdf_by_PaddleOCR-VL-1.6,document_level,normalization_only,runtime,0.2938053000034415,n_blocks=2370
sach-bai-tap-toan-10-tap-1-ket-noi-tri-thuc-voi-cuoc-song.pdf_by_PaddleOCR-VL-1.6_normalization_only,sach-bai-tap-toan-10-tap-1-ket-noi-tri-thuc-voi-cuoc-song.pdf_by_PaddleOCR-VL-1.6,document_level,normalization_only,n_chunks,1.0,n_blocks=2370
sach-bai-tap-toan-10-tap-1-ket-noi-tri-thuc-voi-cuoc-song.pdf_by_PaddleOCR-VL-1.6_chunking_only,sach-bai-tap-toan-10-tap-1-ket-noi-tri-thuc-voi-cuoc-song.pdf_by_PaddleOCR-VL-1.6,document_level,chunking_only,precision,0.27717976318622173,n_blocks=2370
sach-bai-tap-toan-10-tap-1-ket-noi-tri-thuc-voi-cuoc-song.pdf_by_PaddleOCR-VL-1.6_chunking_only,sach-bai-tap-toan-10-tap-1-ket-noi-tri-thuc-voi-cuoc-song.pdf_by_PaddleOCR-VL-1.6,document_level,chunking_only,recall,0.9961315280464217,n_blocks=2370
sach-bai-tap-toan-10-tap-1-ket-noi-tri-thuc-voi-cuoc-song.pdf_by_PaddleOCR-VL-1.6_chunking_only,sach-bai-tap-toan-10-tap-1-ket-noi-tri-thuc-voi-cuoc-song.pdf_by_PaddleOCR-VL-1.6,document_level,chunking_only,f1,0.4336842105263157,n_blocks=2370
sach-bai-tap-toan-10-tap-1-ket-noi-tri-thuc-voi-cuoc-song.pdf_by_PaddleOCR-VL-1.6_chunking_only,sach-bai-tap-toan-10-tap-1-ket-noi-tri-thuc-voi-cuoc-song.pdf_by_PaddleOCR-VL-1.6,document_level,chunking_only,math_preservation,1.0,n_blocks=2370
sach-bai-tap-toan-10-tap-1-ket-noi-tri-thuc-voi-cuoc-song.pdf_by_PaddleOCR-VL-1.6_chunking_only,sach-bai-tap-toan-10-tap-1-ket-noi-tri-thuc-voi-cuoc-song.pdf_by_PaddleOCR-VL-1.6,document_level,chunking_only,answer_attachment,1.0,n_blocks=2370
sach-bai-tap-toan-10-tap-1-ket-noi-tri-thuc-voi-cuoc-song.pdf_by_PaddleOCR-VL-1.6_chunking_only,sach-bai-tap-toan-10-tap-1-ket-noi-tri-thuc-voi-cuoc-song.pdf_by_PaddleOCR-VL-1.6,document_level,chunking_only,solution_attachment,0.037037037037037035,n_blocks=2370
sach-bai-tap-toan-10-tap-1-ket-noi-tri-thuc-voi-cuoc-song.pdf_by_PaddleOCR-VL-1.6_chunking_only,sach-bai-tap-toan-10-tap-1-ket-noi-tri-thuc-voi-cuoc-song.pdf_by_PaddleOCR-VL-1.6,document_level,chunking_only,idempotence,1.0,n_blocks=2370
sach-bai-tap-toan-10-tap-1-ket-noi-tri-thuc-voi-cuoc-song.pdf_by_PaddleOCR-VL-1.6_chunking_only,sach-bai-tap-toan-10-tap-1-ket-noi-tri-thuc-voi-cuoc-song.pdf_by_PaddleOCR-VL-1.6,document_level,chunking_only,runtime,174.11288039999636,n_blocks=2370
sach-bai-tap-toan-10-tap-1-ket-noi-tri-thuc-voi-cuoc-song.pdf_by_PaddleOCR-VL-1.6_chunking_only,sach-bai-tap-toan-10-tap-1-ket-noi-tri-thuc-voi-cuoc-song.pdf_by_PaddleOCR-VL-1.6,document_level,chunking_only,n_chunks,1859.0,n_blocks=2370
sach-bai-tap-toan-10-tap-1-ket-noi-tri-thuc-voi-cuoc-song.pdf_by_PaddleOCR-VL-1.6_full_s2,sach-bai-tap-toan-10-tap-1-ket-noi-tri-thuc-voi-cuoc-song.pdf_by_PaddleOCR-VL-1.6,document_level,full_s2,precision,0.2345924453280318,n_blocks=2370
sach-bai-tap-toan-10-tap-1-ket-noi-tri-thuc-voi-cuoc-song.pdf_by_PaddleOCR-VL-1.6_full_s2,sach-bai-tap-toan-10-tap-1-ket-noi-tri-thuc-voi-cuoc-song.pdf_by_PaddleOCR-VL-1.6,document_level,full_s2,recall,0.9129593810444874,n_blocks=2370
sach-bai-tap-toan-10-tap-1-ket-noi-tri-thuc-voi-cuoc-song.pdf_by_PaddleOCR-VL-1.6_full_s2,sach-bai-tap-toan-10-tap-1-ket-noi-tri-thuc-voi-cuoc-song.pdf_by_PaddleOCR-VL-1.6,document_level,full_s2,f1,0.3732700672202451,n_blocks=2370
sach-bai-tap-toan-10-tap-1-ket-noi-tri-thuc-voi-cuoc-song.pdf_by_PaddleOCR-VL-1.6_full_s2,sach-bai-tap-toan-10-tap-1-ket-noi-tri-thuc-voi-cuoc-song.pdf_by_PaddleOCR-VL-1.6,document_level,full_s2,math_preservation,1.0,n_blocks=2370
sach-bai-tap-toan-10-tap-1-ket-noi-tri-thuc-voi-cuoc-song.pdf_by_PaddleOCR-VL-1.6_full_s2,sach-bai-tap-toan-10-tap-1-ket-noi-tri-thuc-voi-cuoc-song.pdf_by_PaddleOCR-VL-1.6,document_level,full_s2,answer_attachment,1.0,n_blocks=2370
sach-bai-tap-toan-10-tap-1-ket-noi-tri-thuc-voi-cuoc-song.pdf_by_PaddleOCR-VL-1.6_full_s2,sach-bai-tap-toan-10-tap-1-ket-noi-tri-thuc-voi-cuoc-song.pdf_by_PaddleOCR-VL-1.6,document_level,full_s2,solution_attachment,0.037037037037037035,n_blocks=2370
sach-bai-tap-toan-10-tap-1-ket-noi-tri-thuc-voi-cuoc-song.pdf_by_PaddleOCR-VL-1.6_full_s2,sach-bai-tap-toan-10-tap-1-ket-noi-tri-thuc-voi-cuoc-song.pdf_by_PaddleOCR-VL-1.6,document_level,full_s2,idempotence,1.0,n_blocks=2370
sach-bai-tap-toan-10-tap-1-ket-noi-tri-thuc-voi-cuoc-song.pdf_by_PaddleOCR-VL-1.6_full_s2,sach-bai-tap-toan-10-tap-1-ket-noi-tri-thuc-voi-cuoc-song.pdf_by_PaddleOCR-VL-1.6,document_level,full_s2,runtime,153.43987899999775,n_blocks=2370
sach-bai-tap-toan-10-tap-1-ket-noi-tri-thuc-voi-cuoc-song.pdf_by_PaddleOCR-VL-1.6_full_s2,sach-bai-tap-toan-10-tap-1-ket-noi-tri-thuc-voi-cuoc-song.pdf_by_PaddleOCR-VL-1.6,document_level,full_s2,n_chunks,2013.0,n_blocks=2370
sach-bai-tap-toan-10-tap-1-ket-noi-tri-thuc-voi-cuoc-song.pdf_by_PaddleOCR-VL-1.6_legacy_or_naive_chunking,sach-bai-tap-toan-10-tap-1-ket-noi-tri-thuc-voi-cuoc-song.pdf_by_PaddleOCR-VL-1.6,document_level,legacy_or_naive_chunking,precision,0.21823554242296328,n_blocks=2370
sach-bai-tap-toan-10-tap-1-ket-noi-tri-thuc-voi-cuoc-song.pdf_by_PaddleOCR-VL-1.6_legacy_or_naive_chunking,sach-bai-tap-toan-10-tap-1-ket-noi-tri-thuc-voi-cuoc-song.pdf_by_PaddleOCR-VL-1.6,document_level,legacy_or_naive_chunking,recall,1.0,n_blocks=2370
sach-bai-tap-toan-10-tap-1-ket-noi-tri-thuc-voi-cuoc-song.pdf_by_PaddleOCR-VL-1.6_legacy_or_naive_chunking,sach-bai-tap-toan-10-tap-1-ket-noi-tri-thuc-voi-cuoc-song.pdf_by_PaddleOCR-VL-1.6,document_level,legacy_or_naive_chunking,f1,0.35828135828135826,n_blocks=2370
sach-bai-tap-toan-10-tap-1-ket-noi-tri-thuc-voi-cuoc-song.pdf_by_PaddleOCR-VL-1.6_legacy_or_naive_chunking,sach-bai-tap-toan-10-tap-1-ket-noi-tri-thuc-voi-cuoc-song.pdf_by_PaddleOCR-VL-1.6,document_level,legacy_or_naive_chunking,math_preservation,1.0,n_blocks=2370
sach-bai-tap-toan-10-tap-1-ket-noi-tri-thuc-voi-cuoc-song.pdf_by_PaddleOCR-VL-1.6_legacy_or_naive_chunking,sach-bai-tap-toan-10-tap-1-ket-noi-tri-thuc-voi-cuoc-song.pdf_by_PaddleOCR-VL-1.6,document_level,legacy_or_naive_chunking,answer_attachment,1.0,n_blocks=2370
sach-bai-tap-toan-10-tap-1-ket-noi-tri-thuc-voi-cuoc-song.pdf_by_PaddleOCR-VL-1.6_legacy_or_naive_chunking,sach-bai-tap-toan-10-tap-1-ket-noi-tri-thuc-voi-cuoc-song.pdf_by_PaddleOCR-VL-1.6,document_level,legacy_or_naive_chunking,solution_attachment,0.0,n_blocks=2370
sach-bai-tap-toan-10-tap-1-ket-noi-tri-thuc-voi-cuoc-song.pdf_by_PaddleOCR-VL-1.6_legacy_or_naive_chunking,sach-bai-tap-toan-10-tap-1-ket-noi-tri-thuc-voi-cuoc-song.pdf_by_PaddleOCR-VL-1.6,document_level,legacy_or_naive_chunking,idempotence,1.0,n_blocks=2370
sach-bai-tap-toan-10-tap-1-ket-noi-tri-thuc-voi-cuoc-song.pdf_by_PaddleOCR-VL-1.6_legacy_or_naive_chunking,sach-bai-tap-toan-10-tap-1-ket-noi-tri-thuc-voi-cuoc-song.pdf_by_PaddleOCR-VL-1.6,document_level,legacy_or_naive_chunking,runtime,0.008099799997580703,n_blocks=2370
sach-bai-tap-toan-10-tap-1-ket-noi-tri-thuc-voi-cuoc-song.pdf_by_PaddleOCR-VL-1.6_legacy_or_naive_chunking,sach-bai-tap-toan-10-tap-1-ket-noi-tri-thuc-voi-cuoc-song.pdf_by_PaddleOCR-VL-1.6,document_level,legacy_or_naive_chunking,n_chunks,2370.0,n_blocks=2370
sach-bai-tap-toan-10-tap-1-ket-noi-tri-thuc-voi-cuoc-song.pdf_by_PaddleOCR-VL-1.6_legacy_or_naive_normalization,sach-bai-tap-toan-10-tap-1-ket-noi-tri-thuc-voi-cuoc-song.pdf_by_PaddleOCR-VL-1.6,document_level,legacy_or_naive_normalization,precision,0.2749599572877736,n_blocks=2370
sach-bai-tap-toan-10-tap-1-ket-noi-tri-thuc-voi-cuoc-song.pdf_by_PaddleOCR-VL-1.6_legacy_or_naive_normalization,sach-bai-tap-toan-10-tap-1-ket-noi-tri-thuc-voi-cuoc-song.pdf_by_PaddleOCR-VL-1.6,document_level,legacy_or_naive_normalization,recall,0.9961315280464217,n_blocks=2370
sach-bai-tap-toan-10-tap-1-ket-noi-tri-thuc-voi-cuoc-song.pdf_by_PaddleOCR-VL-1.6_legacy_or_naive_normalization,sach-bai-tap-toan-10-tap-1-ket-noi-tri-thuc-voi-cuoc-song.pdf_by_PaddleOCR-VL-1.6,document_level,legacy_or_naive_normalization,f1,0.43096234309623427,n_blocks=2370
sach-bai-tap-toan-10-tap-1-ket-noi-tri-thuc-voi-cuoc-song.pdf_by_PaddleOCR-VL-1.6_legacy_or_naive_normalization,sach-bai-tap-toan-10-tap-1-ket-noi-tri-thuc-voi-cuoc-song.pdf_by_PaddleOCR-VL-1.6,document_level,legacy_or_naive_normalization,math_preservation,1.0,n_blocks=2370
sach-bai-tap-toan-10-tap-1-ket-noi-tri-thuc-voi-cuoc-song.pdf_by_PaddleOCR-VL-1.6_legacy_or_naive_normalization,sach-bai-tap-toan-10-tap-1-ket-noi-tri-thuc-voi-cuoc-song.pdf_by_PaddleOCR-VL-1.6,document_level,legacy_or_naive_normalization,answer_attachment,1.0,n_blocks=2370
sach-bai-tap-toan-10-tap-1-ket-noi-tri-thuc-voi-cuoc-song.pdf_by_PaddleOCR-VL-1.6_legacy_or_naive_normalization,sach-bai-tap-toan-10-tap-1-ket-noi-tri-thuc-voi-cuoc-song.pdf_by_PaddleOCR-VL-1.6,document_level,legacy_or_naive_normalization,solution_attachment,0.0,n_blocks=2370
sach-bai-tap-toan-10-tap-1-ket-noi-tri-thuc-voi-cuoc-song.pdf_by_PaddleOCR-VL-1.6_legacy_or_naive_normalization,sach-bai-tap-toan-10-tap-1-ket-noi-tri-thuc-voi-cuoc-song.pdf_by_PaddleOCR-VL-1.6,document_level,legacy_or_naive_normalization,idempotence,1.0,n_blocks=2370
sach-bai-tap-toan-10-tap-1-ket-noi-tri-thuc-voi-cuoc-song.pdf_by_PaddleOCR-VL-1.6_legacy_or_naive_normalization,sach-bai-tap-toan-10-tap-1-ket-noi-tri-thuc-voi-cuoc-song.pdf_by_PaddleOCR-VL-1.6,document_level,legacy_or_naive_normalization,runtime,164.1881629000054,n_blocks=2370
sach-bai-tap-toan-10-tap-1-ket-noi-tri-thuc-voi-cuoc-song.pdf_by_PaddleOCR-VL-1.6_legacy_or_naive_normalization,sach-bai-tap-toan-10-tap-1-ket-noi-tri-thuc-voi-cuoc-song.pdf_by_PaddleOCR-VL-1.6,document_level,legacy_or_naive_normalization,n_chunks,1874.0,n_blocks=2370
synthetic__single_block_raw_s1_passthrough,synthetic__single_block,document_level,raw_s1_passthrough,precision,1.0,n_blocks=1
synthetic__single_block_raw_s1_passthrough,synthetic__single_block,document_level,raw_s1_passthrough,recall,1.0,n_blocks=1
synthetic__single_block_raw_s1_passthrough,synthetic__single_block,document_level,raw_s1_passthrough,f1,1.0,n_blocks=1
synthetic__single_block_raw_s1_passthrough,synthetic__single_block,document_level,raw_s1_passthrough,math_preservation,1.0,n_blocks=1
synthetic__single_block_raw_s1_passthrough,synthetic__single_block,document_level,raw_s1_passthrough,answer_attachment,1.0,n_blocks=1
synthetic__single_block_raw_s1_passthrough,synthetic__single_block,document_level,raw_s1_passthrough,solution_attachment,1.0,n_blocks=1
synthetic__single_block_raw_s1_passthrough,synthetic__single_block,document_level,raw_s1_passthrough,idempotence,1.0,n_blocks=1
synthetic__single_block_raw_s1_passthrough,synthetic__single_block,document_level,raw_s1_passthrough,runtime,0.0007106999983079731,n_blocks=1
synthetic__single_block_raw_s1_passthrough,synthetic__single_block,document_level,raw_s1_passthrough,n_chunks,1.0,n_blocks=1
synthetic__single_block_normalization_only,synthetic__single_block,document_level,normalization_only,precision,1.0,n_blocks=1
synthetic__single_block_normalization_only,synthetic__single_block,document_level,normalization_only,recall,1.0,n_blocks=1
synthetic__single_block_normalization_only,synthetic__single_block,document_level,normalization_only,f1,1.0,n_blocks=1
synthetic__single_block_normalization_only,synthetic__single_block,document_level,normalization_only,math_preservation,1.0,n_blocks=1
synthetic__single_block_normalization_only,synthetic__single_block,document_level,normalization_only,answer_attachment,1.0,n_blocks=1
synthetic__single_block_normalization_only,synthetic__single_block,document_level,normalization_only,solution_attachment,1.0,n_blocks=1
synthetic__single_block_normalization_only,synthetic__single_block,document_level,normalization_only,idempotence,1.0,n_blocks=1
synthetic__single_block_normalization_only,synthetic__single_block,document_level,normalization_only,runtime,0.004065799999807496,n_blocks=1
synthetic__single_block_normalization_only,synthetic__single_block,document_level,normalization_only,n_chunks,1.0,n_blocks=1
synthetic__single_block_chunking_only,synthetic__single_block,document_level,chunking_only,precision,1.0,n_blocks=1
synthetic__single_block_chunking_only,synthetic__single_block,document_level,chunking_only,recall,1.0,n_blocks=1
synthetic__single_block_chunking_only,synthetic__single_block,document_level,chunking_only,f1,1.0,n_blocks=1
synthetic__single_block_chunking_only,synthetic__single_block,document_level,chunking_only,math_preservation,1.0,n_blocks=1
synthetic__single_block_chunking_only,synthetic__single_block,document_level,chunking_only,answer_attachment,1.0,n_blocks=1
synthetic__single_block_chunking_only,synthetic__single_block,document_level,chunking_only,solution_attachment,1.0,n_blocks=1
synthetic__single_block_chunking_only,synthetic__single_block,document_level,chunking_only,idempotence,1.0,n_blocks=1
synthetic__single_block_chunking_only,synthetic__single_block,document_level,chunking_only,runtime,0.0009886999978334643,n_blocks=1
synthetic__single_block_chunking_only,synthetic__single_block,document_level,chunking_only,n_chunks,1.0,n_blocks=1
synthetic__single_block_full_s2,synthetic__single_block,document_level,full_s2,precision,1.0,n_blocks=1
synthetic__single_block_full_s2,synthetic__single_block,document_level,full_s2,recall,1.0,n_blocks=1
synthetic__single_block_full_s2,synthetic__single_block,document_level,full_s2,f1,1.0,n_blocks=1
synthetic__single_block_full_s2,synthetic__single_block,document_level,full_s2,math_preservation,1.0,n_blocks=1
synthetic__single_block_full_s2,synthetic__single_block,document_level,full_s2,answer_attachment,1.0,n_blocks=1
synthetic__single_block_full_s2,synthetic__single_block,document_level,full_s2,solution_attachment,1.0,n_blocks=1
synthetic__single_block_full_s2,synthetic__single_block,document_level,full_s2,idempotence,1.0,n_blocks=1
synthetic__single_block_full_s2,synthetic__single_block,document_level,full_s2,runtime,0.0007871999987401068,n_blocks=1
synthetic__single_block_full_s2,synthetic__single_block,document_level,full_s2,n_chunks,1.0,n_blocks=1
synthetic__single_block_legacy_or_naive_chunking,synthetic__single_block,document_level,legacy_or_naive_chunking,precision,1.0,n_blocks=1
synthetic__single_block_legacy_or_naive_chunking,synthetic__single_block,document_level,legacy_or_naive_chunking,recall,1.0,n_blocks=1
synthetic__single_block_legacy_or_naive_chunking,synthetic__single_block,document_level,legacy_or_naive_chunking,f1,1.0,n_blocks=1
synthetic__single_block_legacy_or_naive_chunking,synthetic__single_block,document_level,legacy_or_naive_chunking,math_preservation,1.0,n_blocks=1
synthetic__single_block_legacy_or_naive_chunking,synthetic__single_block,document_level,legacy_or_naive_chunking,answer_attachment,1.0,n_blocks=1
synthetic__single_block_legacy_or_naive_chunking,synthetic__single_block,document_level,legacy_or_naive_chunking,solution_attachment,1.0,n_blocks=1
synthetic__single_block_legacy_or_naive_chunking,synthetic__single_block,document_level,legacy_or_naive_chunking,idempotence,1.0,n_blocks=1
synthetic__single_block_legacy_or_naive_chunking,synthetic__single_block,document_level,legacy_or_naive_chunking,runtime,0.0004836999942199327,n_blocks=1
synthetic__single_block_legacy_or_naive_chunking,synthetic__single_block,document_level,legacy_or_naive_chunking,n_chunks,1.0,n_blocks=1
synthetic__single_block_legacy_or_naive_normalization,synthetic__single_block,document_level,legacy_or_naive_normalization,precision,1.0,n_blocks=1
synthetic__single_block_legacy_or_naive_normalization,synthetic__single_block,document_level,legacy_or_naive_normalization,recall,1.0,n_blocks=1
synthetic__single_block_legacy_or_naive_normalization,synthetic__single_block,document_level,legacy_or_naive_normalization,f1,1.0,n_blocks=1
synthetic__single_block_legacy_or_naive_normalization,synthetic__single_block,document_level,legacy_or_naive_normalization,math_preservation,1.0,n_blocks=1
synthetic__single_block_legacy_or_naive_normalization,synthetic__single_block,document_level,legacy_or_naive_normalization,answer_attachment,1.0,n_blocks=1
synthetic__single_block_legacy_or_naive_normalization,synthetic__single_block,document_level,legacy_or_naive_normalization,solution_attachment,1.0,n_blocks=1
synthetic__single_block_legacy_or_naive_normalization,synthetic__single_block,document_level,legacy_or_naive_normalization,idempotence,1.0,n_blocks=1
synthetic__single_block_legacy_or_naive_normalization,synthetic__single_block,document_level,legacy_or_naive_normalization,runtime,0.0010806999998749234,n_blocks=1
synthetic__single_block_legacy_or_naive_normalization,synthetic__single_block,document_level,legacy_or_naive_normalization,n_chunks,1.0,n_blocks=1
synthetic__two_examples_raw_s1_passthrough,synthetic__two_examples,document_level,raw_s1_passthrough,precision,1.0,n_blocks=9
synthetic__two_examples_raw_s1_passthrough,synthetic__two_examples,document_level,raw_s1_passthrough,recall,0.0,n_blocks=9
synthetic__two_examples_raw_s1_passthrough,synthetic__two_examples,document_level,raw_s1_passthrough,f1,0.0,n_blocks=9
synthetic__two_examples_raw_s1_passthrough,synthetic__two_examples,document_level,raw_s1_passthrough,math_preservation,1.0,n_blocks=9
synthetic__two_examples_raw_s1_passthrough,synthetic__two_examples,document_level,raw_s1_passthrough,answer_attachment,1.0,n_blocks=9
synthetic__two_examples_raw_s1_passthrough,synthetic__two_examples,document_level,raw_s1_passthrough,solution_attachment,1.0,n_blocks=9
synthetic__two_examples_raw_s1_passthrough,synthetic__two_examples,document_level,raw_s1_passthrough,idempotence,1.0,n_blocks=9
synthetic__two_examples_raw_s1_passthrough,synthetic__two_examples,document_level,raw_s1_passthrough,runtime,9.00006853044033e-07,n_blocks=9
synthetic__two_examples_raw_s1_passthrough,synthetic__two_examples,document_level,raw_s1_passthrough,n_chunks,1.0,n_blocks=9
synthetic__two_examples_normalization_only,synthetic__two_examples,document_level,normalization_only,precision,1.0,n_blocks=9
synthetic__two_examples_normalization_only,synthetic__two_examples,document_level,normalization_only,recall,0.0,n_blocks=9
synthetic__two_examples_normalization_only,synthetic__two_examples,document_level,normalization_only,f1,0.0,n_blocks=9
synthetic__two_examples_normalization_only,synthetic__two_examples,document_level,normalization_only,math_preservation,0.0,n_blocks=9
synthetic__two_examples_normalization_only,synthetic__two_examples,document_level,normalization_only,answer_attachment,1.0,n_blocks=9
synthetic__two_examples_normalization_only,synthetic__two_examples,document_level,normalization_only,solution_attachment,1.0,n_blocks=9
synthetic__two_examples_normalization_only,synthetic__two_examples,document_level,normalization_only,idempotence,1.0,n_blocks=9
synthetic__two_examples_normalization_only,synthetic__two_examples,document_level,normalization_only,runtime,0.0006888999996590428,n_blocks=9
synthetic__two_examples_normalization_only,synthetic__two_examples,document_level,normalization_only,n_chunks,1.0,n_blocks=9
synthetic__two_examples_chunking_only,synthetic__two_examples,document_level,chunking_only,precision,1.0,n_blocks=9
synthetic__two_examples_chunking_only,synthetic__two_examples,document_level,chunking_only,recall,1.0,n_blocks=9
synthetic__two_examples_chunking_only,synthetic__two_examples,document_level,chunking_only,f1,1.0,n_blocks=9
synthetic__two_examples_chunking_only,synthetic__two_examples,document_level,chunking_only,math_preservation,1.0,n_blocks=9
synthetic__two_examples_chunking_only,synthetic__two_examples,document_level,chunking_only,answer_attachment,1.0,n_blocks=9
synthetic__two_examples_chunking_only,synthetic__two_examples,document_level,chunking_only,solution_attachment,1.0,n_blocks=9
synthetic__two_examples_chunking_only,synthetic__two_examples,document_level,chunking_only,idempotence,1.0,n_blocks=9
synthetic__two_examples_chunking_only,synthetic__two_examples,document_level,chunking_only,runtime,3.2461108999996213,n_blocks=9
synthetic__two_examples_chunking_only,synthetic__two_examples,document_level,chunking_only,n_chunks,3.0,n_blocks=9
synthetic__two_examples_full_s2,synthetic__two_examples,document_level,full_s2,precision,1.0,n_blocks=9
synthetic__two_examples_full_s2,synthetic__two_examples,document_level,full_s2,recall,1.0,n_blocks=9
synthetic__two_examples_full_s2,synthetic__two_examples,document_level,full_s2,f1,1.0,n_blocks=9
synthetic__two_examples_full_s2,synthetic__two_examples,document_level,full_s2,math_preservation,1.0,n_blocks=9
synthetic__two_examples_full_s2,synthetic__two_examples,document_level,full_s2,answer_attachment,1.0,n_blocks=9
synthetic__two_examples_full_s2,synthetic__two_examples,document_level,full_s2,solution_attachment,1.0,n_blocks=9
synthetic__two_examples_full_s2,synthetic__two_examples,document_level,full_s2,idempotence,1.0,n_blocks=9
synthetic__two_examples_full_s2,synthetic__two_examples,document_level,full_s2,runtime,3.1993431000009878,n_blocks=9
synthetic__two_examples_full_s2,synthetic__two_examples,document_level,full_s2,n_chunks,3.0,n_blocks=9
synthetic__two_examples_legacy_or_naive_chunking,synthetic__two_examples,document_level,legacy_or_naive_chunking,precision,0.25,n_blocks=9
synthetic__two_examples_legacy_or_naive_chunking,synthetic__two_examples,document_level,legacy_or_naive_chunking,recall,1.0,n_blocks=9
synthetic__two_examples_legacy_or_naive_chunking,synthetic__two_examples,document_level,legacy_or_naive_chunking,f1,0.4,n_blocks=9
synthetic__two_examples_legacy_or_naive_chunking,synthetic__two_examples,document_level,legacy_or_naive_chunking,math_preservation,1.0,n_blocks=9
synthetic__two_examples_legacy_or_naive_chunking,synthetic__two_examples,document_level,legacy_or_naive_chunking,answer_attachment,0.0,n_blocks=9
synthetic__two_examples_legacy_or_naive_chunking,synthetic__two_examples,document_level,legacy_or_naive_chunking,solution_attachment,0.0,n_blocks=9
synthetic__two_examples_legacy_or_naive_chunking,synthetic__two_examples,document_level,legacy_or_naive_chunking,idempotence,1.0,n_blocks=9
synthetic__two_examples_legacy_or_naive_chunking,synthetic__two_examples,document_level,legacy_or_naive_chunking,runtime,4.4500004150904715e-05,n_blocks=9
synthetic__two_examples_legacy_or_naive_chunking,synthetic__two_examples,document_level,legacy_or_naive_chunking,n_chunks,9.0,n_blocks=9
synthetic__two_examples_legacy_or_naive_normalization,synthetic__two_examples,document_level,legacy_or_naive_normalization,precision,1.0,n_blocks=9
synthetic__two_examples_legacy_or_naive_normalization,synthetic__two_examples,document_level,legacy_or_naive_normalization,recall,1.0,n_blocks=9
synthetic__two_examples_legacy_or_naive_normalization,synthetic__two_examples,document_level,legacy_or_naive_normalization,f1,1.0,n_blocks=9
synthetic__two_examples_legacy_or_naive_normalization,synthetic__two_examples,document_level,legacy_or_naive_normalization,math_preservation,1.0,n_blocks=9
synthetic__two_examples_legacy_or_naive_normalization,synthetic__two_examples,document_level,legacy_or_naive_normalization,answer_attachment,1.0,n_blocks=9
synthetic__two_examples_legacy_or_naive_normalization,synthetic__two_examples,document_level,legacy_or_naive_normalization,solution_attachment,1.0,n_blocks=9
synthetic__two_examples_legacy_or_naive_normalization,synthetic__two_examples,document_level,legacy_or_naive_normalization,idempotence,1.0,n_blocks=9
synthetic__two_examples_legacy_or_naive_normalization,synthetic__two_examples,document_level,legacy_or_naive_normalization,runtime,3.4111172999982955,n_blocks=9
synthetic__two_examples_legacy_or_naive_normalization,synthetic__two_examples,document_level,legacy_or_naive_normalization,n_chunks,3.0,n_blocks=9
synthetic__no_structural_raw_s1_passthrough,synthetic__no_structural,document_level,raw_s1_passthrough,precision,1.0,n_blocks=4
synthetic__no_structural_raw_s1_passthrough,synthetic__no_structural,document_level,raw_s1_passthrough,recall,1.0,n_blocks=4
synthetic__no_structural_raw_s1_passthrough,synthetic__no_structural,document_level,raw_s1_passthrough,f1,1.0,n_blocks=4
synthetic__no_structural_raw_s1_passthrough,synthetic__no_structural,document_level,raw_s1_passthrough,math_preservation,1.0,n_blocks=4
synthetic__no_structural_raw_s1_passthrough,synthetic__no_structural,document_level,raw_s1_passthrough,answer_attachment,1.0,n_blocks=4
synthetic__no_structural_raw_s1_passthrough,synthetic__no_structural,document_level,raw_s1_passthrough,solution_attachment,1.0,n_blocks=4
synthetic__no_structural_raw_s1_passthrough,synthetic__no_structural,document_level,raw_s1_passthrough,idempotence,1.0,n_blocks=4
synthetic__no_structural_raw_s1_passthrough,synthetic__no_structural,document_level,raw_s1_passthrough,runtime,3.5999983083456755e-06,n_blocks=4
synthetic__no_structural_raw_s1_passthrough,synthetic__no_structural,document_level,raw_s1_passthrough,n_chunks,1.0,n_blocks=4
synthetic__no_structural_normalization_only,synthetic__no_structural,document_level,normalization_only,precision,1.0,n_blocks=4
synthetic__no_structural_normalization_only,synthetic__no_structural,document_level,normalization_only,recall,1.0,n_blocks=4
synthetic__no_structural_normalization_only,synthetic__no_structural,document_level,normalization_only,f1,1.0,n_blocks=4
synthetic__no_structural_normalization_only,synthetic__no_structural,document_level,normalization_only,math_preservation,1.0,n_blocks=4
synthetic__no_structural_normalization_only,synthetic__no_structural,document_level,normalization_only,answer_attachment,1.0,n_blocks=4
synthetic__no_structural_normalization_only,synthetic__no_structural,document_level,normalization_only,solution_attachment,1.0,n_blocks=4
synthetic__no_structural_normalization_only,synthetic__no_structural,document_level,normalization_only,idempotence,1.0,n_blocks=4
synthetic__no_structural_normalization_only,synthetic__no_structural,document_level,normalization_only,runtime,0.0003626000034273602,n_blocks=4
synthetic__no_structural_normalization_only,synthetic__no_structural,document_level,normalization_only,n_chunks,1.0,n_blocks=4
synthetic__no_structural_chunking_only,synthetic__no_structural,document_level,chunking_only,precision,1.0,n_blocks=4
synthetic__no_structural_chunking_only,synthetic__no_structural,document_level,chunking_only,recall,1.0,n_blocks=4
synthetic__no_structural_chunking_only,synthetic__no_structural,document_level,chunking_only,f1,1.0,n_blocks=4
synthetic__no_structural_chunking_only,synthetic__no_structural,document_level,chunking_only,math_preservation,1.0,n_blocks=4
synthetic__no_structural_chunking_only,synthetic__no_structural,document_level,chunking_only,answer_attachment,1.0,n_blocks=4
synthetic__no_structural_chunking_only,synthetic__no_structural,document_level,chunking_only,solution_attachment,1.0,n_blocks=4
synthetic__no_structural_chunking_only,synthetic__no_structural,document_level,chunking_only,idempotence,1.0,n_blocks=4
synthetic__no_structural_chunking_only,synthetic__no_structural,document_level,chunking_only,runtime,2.595957500001532,n_blocks=4
synthetic__no_structural_chunking_only,synthetic__no_structural,document_level,chunking_only,n_chunks,1.0,n_blocks=4
synthetic__no_structural_full_s2,synthetic__no_structural,document_level,full_s2,precision,1.0,n_blocks=4
synthetic__no_structural_full_s2,synthetic__no_structural,document_level,full_s2,recall,1.0,n_blocks=4
synthetic__no_structural_full_s2,synthetic__no_structural,document_level,full_s2,f1,1.0,n_blocks=4
synthetic__no_structural_full_s2,synthetic__no_structural,document_level,full_s2,math_preservation,1.0,n_blocks=4
synthetic__no_structural_full_s2,synthetic__no_structural,document_level,full_s2,answer_attachment,1.0,n_blocks=4
synthetic__no_structural_full_s2,synthetic__no_structural,document_level,full_s2,solution_attachment,1.0,n_blocks=4
synthetic__no_structural_full_s2,synthetic__no_structural,document_level,full_s2,idempotence,1.0,n_blocks=4
synthetic__no_structural_full_s2,synthetic__no_structural,document_level,full_s2,runtime,2.697874400000728,n_blocks=4
synthetic__no_structural_full_s2,synthetic__no_structural,document_level,full_s2,n_chunks,1.0,n_blocks=4
synthetic__no_structural_legacy_or_naive_chunking,synthetic__no_structural,document_level,legacy_or_naive_chunking,precision,0.0,n_blocks=4
synthetic__no_structural_legacy_or_naive_chunking,synthetic__no_structural,document_level,legacy_or_naive_chunking,recall,1.0,n_blocks=4
synthetic__no_structural_legacy_or_naive_chunking,synthetic__no_structural,document_level,legacy_or_naive_chunking,f1,0.0,n_blocks=4
synthetic__no_structural_legacy_or_naive_chunking,synthetic__no_structural,document_level,legacy_or_naive_chunking,math_preservation,1.0,n_blocks=4
synthetic__no_structural_legacy_or_naive_chunking,synthetic__no_structural,document_level,legacy_or_naive_chunking,answer_attachment,1.0,n_blocks=4
synthetic__no_structural_legacy_or_naive_chunking,synthetic__no_structural,document_level,legacy_or_naive_chunking,solution_attachment,1.0,n_blocks=4
synthetic__no_structural_legacy_or_naive_chunking,synthetic__no_structural,document_level,legacy_or_naive_chunking,idempotence,1.0,n_blocks=4
synthetic__no_structural_legacy_or_naive_chunking,synthetic__no_structural,document_level,legacy_or_naive_chunking,runtime,2.680000034160912e-05,n_blocks=4
synthetic__no_structural_legacy_or_naive_chunking,synthetic__no_structural,document_level,legacy_or_naive_chunking,n_chunks,4.0,n_blocks=4
synthetic__no_structural_legacy_or_naive_normalization,synthetic__no_structural,document_level,legacy_or_naive_normalization,precision,1.0,n_blocks=4
synthetic__no_structural_legacy_or_naive_normalization,synthetic__no_structural,document_level,legacy_or_naive_normalization,recall,1.0,n_blocks=4
synthetic__no_structural_legacy_or_naive_normalization,synthetic__no_structural,document_level,legacy_or_naive_normalization,f1,1.0,n_blocks=4
synthetic__no_structural_legacy_or_naive_normalization,synthetic__no_structural,document_level,legacy_or_naive_normalization,math_preservation,1.0,n_blocks=4
synthetic__no_structural_legacy_or_naive_normalization,synthetic__no_structural,document_level,legacy_or_naive_normalization,answer_attachment,1.0,n_blocks=4
synthetic__no_structural_legacy_or_naive_normalization,synthetic__no_structural,document_level,legacy_or_naive_normalization,solution_attachment,1.0,n_blocks=4
synthetic__no_structural_legacy_or_naive_normalization,synthetic__no_structural,document_level,legacy_or_naive_normalization,idempotence,1.0,n_blocks=4
synthetic__no_structural_legacy_or_naive_normalization,synthetic__no_structural,document_level,legacy_or_naive_normalization,runtime,2.6443343999999342,n_blocks=4
synthetic__no_structural_legacy_or_naive_normalization,synthetic__no_structural,document_level,legacy_or_naive_normalization,n_chunks,1.0,n_blocks=4
